pair_id,galaxy_name,galaxy_rank,obsid_1,obsid_2,obs_id_1,obs_id_2,obs_collection_1,obs_collection_2,filter_1,filter_2,instrument_1,instrument_2,baseline_days,compatibility,compatibility_score,pair_score,public_both,pixel_priority
MESSIER 074::jw02107-c1019_t018_miri_f2100w::jw07978-o001_t002_miri_f2100w,MESSIER 074,126,87632933,370840328,jw02107-c1019_t018_miri_f2100w,jw07978-o001_t002_miri_f2100w,JWST,JWST,F2100W,F2100W,MIRI/IMAGE,MIRI/IMAGE,1263.8205785550963,exact,1.0,1.4000000000000001,True,2.655101446146343
MESSIER 074::jw02107-c1019_t018_miri_f1130w::jw07978-o001_t002_miri_f1130w,MESSIER 074,126,87632984,370840304,jw02107-c1019_t018_miri_f1130w,jw07978-o001_t002_miri_f1130w,JWST,JWST,F1130W,F1130W,MIRI/IMAGE,MIRI/IMAGE,1263.8092731148135,exact,1.0,1.4000000000000001,True,2.655101252051135
MESSIER 074::jw02107-c1019_t018_miri_f1000w::jw07978-o001_t002_miri_f1000w,MESSIER 074,126,87632939,370840305,jw02107-c1019_t018_miri_f1000w,jw07978-o001_t002_miri_f1000w,JWST,JWST,F1000W,F1000W,MIRI/IMAGE,MIRI/IMAGE,1263.8045511625023,exact,1.0,1.4000000000000001,True,2.65510117098272
MESSIER 074::jw02107-c1019_t018_miri_f770w::jw07978-o001_t002_miri_f770w,MESSIER 074,126,87632938,370337216,jw02107-c1019_t018_miri_f770w,jw07978-o001_t002_miri_f770w,JWST,JWST,F770W,F770W,MIRI/IMAGE,MIRI/IMAGE,1263.7968754087997,exact,1.0,1.4000000000000001,True,2.655101039201585
MESSIER 074::jw02107-o040_t018_nircam_clear-f300m::jw07978-o002_t002_nircam_clear-f300m,MESSIER 074,126,87632983,370203829,jw02107-o040_t018_nircam_clear-f300m,jw07978-o002_t002_nircam_clear-f300m,JWST,JWST,F300M,F300M,NIRCAM/IMAGE,NIRCAM/IMAGE,1263.2560504629655,exact,1.0,1.4000000000000001,True,2.6550917520375705
MESSIER 074::jw02107-o040_t018_nircam_clear-f200w::jw07978-o002_t002_nircam_clear-f200w,MESSIER 074,126,218211765,370797439,jw02107-o040_t018_nircam_clear-f200w,jw07978-o002_t002_nircam_clear-f200w,JWST,JWST,F200W,F200W,NIRCAM/IMAGE,NIRCAM/IMAGE,1263.241013877312,exact,1.0,1.4000000000000001,True,2.655091493769279
MESSIER 074::jw02107-o040_t018_nircam_clear-f360m::jw07978-o002_t002_nircam_clear-f360m,MESSIER 074,126,218210418,370797076,jw02107-o040_t018_nircam_clear-f360m,jw07978-o002_t002_nircam_clear-f360m,JWST,JWST,F360M,F360M,NIRCAM/IMAGE,NIRCAM/IMAGE,1263.241013136576,exact,1.0,1.4000000000000001,True,2.6550914937565557
MESSIER 074::jw02107-o040_t018_nircam_clear-f335m::jw07978-o002_t002_nircam_clear-f335m,MESSIER 074,126,87632937,370203744,jw02107-o040_t018_nircam_clear-f335m,jw07978-o002_t002_nircam_clear-f335m,JWST,JWST,F335M,F335M,NIRCAM/IMAGE,NIRCAM/IMAGE,1263.2340539120414,exact,1.0,1.4000000000000001,True,2.655091374223923
NGC 1365::jw02107-o021_t003_nircam_clear-f200w::jw09246-o003_t003_nircam_clear-f200w,NGC 1365,2,89186263,364309227,jw02107-o021_t003_nircam_clear-f200w,jw09246-o003_t003_nircam_clear-f200w,JWST,JWST,F200W,F200W,NIRCAM/IMAGE,NIRCAM/IMAGE,1208.7926399074058,exact,1.0,1.4000000000000001,True,2.654135546901718
NGC 1365::jw02107-o021_t003_nircam_clear-f300m::jw09246-o003_t003_nircam_clear-f300m,NGC 1365,2,89120141,364309271,jw02107-o021_t003_nircam_clear-f300m,jw09246-o003_t003_nircam_clear-f300m,JWST,JWST,F300M,F300M,NIRCAM/IMAGE,NIRCAM/IMAGE,1208.774745891198,exact,1.0,1.4000000000000001,True,2.6541352257173383
NGC 1365::jw02107-o021_t003_nircam_clear-f335m::jw09246-o003_t003_nircam_clear-f335m,NGC 1365,2,89120129,364309280,jw02107-o021_t003_nircam_clear-f335m,jw09246-o003_t003_nircam_clear-f335m,JWST,JWST,F335M,F335M,NIRCAM/IMAGE,NIRCAM/IMAGE,1208.7351024768504,exact,1.0,1.4000000000000001,True,2.6541345141303982
MESSIER 101::jw02452-o002_t002_nircam_clear-f200w::jw05398-c1144_t000_nircam_clear-f200w,MESSIER 101,67,108742734,264006136,jw02452-o002_t002_nircam_clear-f200w,jw05398-c1144_t000_nircam_clear-f200w,JWST,JWST,F200W,F200W,NIRCAM/IMAGE,NIRCAM/IMAGE,851.3008862037022,exact,1.0,1.4000000000000001,True,2.646529647000634
NGC 1365::jw02107-o021_t003_nircam_clear-f200w::jw05398-c1024_t000_nircam_clear-f200w,NGC 1365,2,89186263,233386596,jw02107-o021_t003_nircam_clear-f200w,jw05398-c1024_t000_nircam_clear-f200w,JWST,JWST,F200W,F200W,NIRCAM/IMAGE,NIRCAM/IMAGE,848.0823681481415,exact,1.0,1.4000000000000001,True,2.6464474911256888
NGC 4388::jw02064-o009_t005_miri_f1800w-sub256::jw05627-o021_t027_miri_f1800w,NGC 4388,115,150193274,279680250,jw02064-o009_t005_miri_f1800w-sub256,jw05627-o021_t027_miri_f1800w,JWST,JWST,F1800W,F1800W,MIRI/IMAGE,MIRI/IMAGE,723.4868845023157,exact,1.0,1.4000000000000001,True,2.6430015263889226
NGC 4388::jw02064-o009_t005_miri_f1500w-sub256::jw05627-o021_t027_miri_f1500w,NGC 4388,115,150189426,279680254,jw02064-o009_t005_miri_f1500w-sub256,jw05627-o021_t027_miri_f1500w,JWST,JWST,F1500W,F1500W,MIRI/IMAGE,MIRI/IMAGE,723.4821755092562,exact,1.0,1.4000000000000001,True,2.6430013852479033
NGC 4388::jw02064-o009_t005_miri_f560w-sub256::jw05627-o021_t027_miri_f560w,NGC 4388,115,150191294,279680252,jw02064-o009_t005_miri_f560w-sub256,jw05627-o021_t027_miri_f560w,JWST,JWST,F560W,F560W,MIRI/IMAGE,MIRI/IMAGE,723.4616820486117,exact,1.0,1.4000000000000001,True,2.6430007709938157
MESSIER 066::jw02107-o029_t011_nircam_clear-f335m::jw04793-o011_t011_nircam_clear-f335m,MESSIER 066,30,109508000,234389745,jw02107-o029_t011_nircam_clear-f335m,jw04793-o011_t011_nircam_clear-f335m,JWST,JWST,F335M,F335M,NIRCAM/IMAGE,NIRCAM/IMAGE,708.0771597106504,exact,1.0,1.4000000000000001,True,2.642534674820738
MESSIER 101::jw01995-o001_t001_nircam_clear-f115w::jw05398-c1144_t000_nircam_clear-f115w,MESSIER 101,67,140287690,264005642,jw01995-o001_t001_nircam_clear-f115w,jw05398-c1144_t000_nircam_clear-f115w,JWST,JWST,F115W,F115W,NIRCAM/IMAGE,NIRCAM/IMAGE,702.7494574189768,exact,1.0,1.4000000000000001,True,2.6423709036512273
MESSIER 101::jw01995-o001_t001_nircam_clear-f444w::jw05398-c1144_t000_nircam_clear-f444w,MESSIER 101,67,140287692,264005640,jw01995-o001_t001_nircam_clear-f444w,jw05398-c1144_t000_nircam_clear-f444w,JWST,JWST,F444W,F444W,NIRCAM/IMAGE,NIRCAM/IMAGE,702.7494574189768,exact,1.0,1.4000000000000001,True,2.6423709036512273
MESSIER 101::jw03921-o040_t042_miri_f2100w::jw07881-o001_t002_miri_f2100w,MESSIER 101,67,212737555,378062978,jw03921-o040_t042_miri_f2100w,jw07881-o001_t002_miri_f2100w,JWST,JWST,F2100W,F2100W,MIRI/IMAGE,MIRI/IMAGE,690.8985160648081,exact,1.0,1.4000000000000001,True,2.642002119958015
MESSIER 101::jw03921-o040_t042_miri_f1500w::jw07881-o001_t002_miri_f1500w,MESSIER 101,67,212737556,378062984,jw03921-o040_t042_miri_f1500w,jw07881-o001_t002_miri_f1500w,JWST,JWST,F1500W,F1500W,MIRI/IMAGE,MIRI/IMAGE,690.8932174768488,exact,1.0,1.4000000000000001,True,2.642001953665107
MESSIER 101::jw03921-o040_t042_miri_f770w::jw07881-o001_t002_miri_f770w,MESSIER 101,67,212737553,378062981,jw03921-o040_t042_miri_f770w,jw07881-o001_t002_miri_f770w,JWST,JWST,F770W,F770W,MIRI/IMAGE,MIRI/IMAGE,690.8823923032396,exact,1.0,1.4000000000000001,True,2.6420016139197657
MESSIER 101::jw03921-o040_t042_miri_f1000w::jw07881-o001_t002_miri_f1000w,MESSIER 101,67,212737554,378062980,jw03921-o040_t042_miri_f1000w,jw07881-o001_t002_miri_f1000w,JWST,JWST,F1000W,F1000W,MIRI/IMAGE,MIRI/IMAGE,690.8817182291677,exact,1.0,1.4000000000000001,True,2.6420015927639455
NGC 3521::jw03707-o045_t026_miri_f770w::jw09258-o010_t002_miri_f770w,NGC 3521,59,214109317,369260805,jw03707-o045_t026_miri_f770w,jw09258-o010_t002_miri_f770w,JWST,JWST,F770W,F770W,MIRI/IMAGE,MIRI/IMAGE,607.1694012615771,exact,1.0,1.4000000000000001,True,2.6392012282881416
MESSIER 101::jw03429-o003_t001_miri_f2100w::jw07881-o001_t002_miri_f2100w,MESSIER 101,67,215933239,378062978,jw03429-o003_t001_miri_f2100w,jw07881-o001_t002_miri_f2100w,JWST,JWST,F2100W,F2100W,MIRI/IMAGE,MIRI/IMAGE,602.878193518518,exact,1.0,1.4000000000000001,True,2.639047467360068
NGC 3521::jw03707-o045_t026_miri_f770w::jw09258-o006_t002_miri_f770w,NGC 3521,59,214109317,368594675,jw03707-o045_t026_miri_f770w,jw09258-o006_t002_miri_f770w,JWST,JWST,F770W,F770W,MIRI/IMAGE,MIRI/IMAGE,586.5659998958363,exact,1.0,1.4000000000000001,True,2.638452832847671
NGC 4388::jw02064-o009_t005_miri_f560w-sub256::jw05627-o022_t007_miri_f560w-sub128,NGC 4388,115,150191294,236577230,jw02064-o009_t005_miri_f560w-sub256,jw05627-o022_t007_miri_f560w-sub128,JWST,JWST,F560W,F560W,MIRI/IMAGE,MIRI/IMAGE,562.2201320370368,exact,1.0,1.4000000000000001,True,2.6375339085031104
NGC 4388::jw02064-o009_t005_miri_f1500w-sub256::jw05627-o022_t007_miri_f1500w-sub128,NGC 4388,115,150189426,236577233,jw02064-o009_t005_miri_f1500w-sub256,jw05627-o022_t007_miri_f1500w-sub128,JWST,JWST,F1500W,F1500W,MIRI/IMAGE,MIRI/IMAGE,562.2177727777744,exact,1.0,1.4000000000000001,True,2.6375338175426344
NGC 4388::jw02064-o009_t005_miri_f1800w-sub256::jw05627-o022_t007_miri_f1800w-sub128,NGC 4388,115,150193274,236577228,jw02064-o009_t005_miri_f1800w-sub256,jw05627-o022_t007_miri_f1800w-sub128,JWST,JWST,F1800W,F1800W,MIRI/IMAGE,MIRI/IMAGE,562.2139468518508,exact,1.0,1.4000000000000001,True,2.6375336700344914
MESSIER 061::jw02107-o013_t013_miri_f2100w::jw03295-o007_t004_miri_f2100w,MESSIER 061,15,112977717,214658690,jw02107-o013_t013_miri_f2100w,jw03295-o007_t004_miri_f2100w,JWST,JWST,F2100W,F2100W,MIRI/IMAGE,MIRI/IMAGE,470.01706717592606,exact,1.0,1.4000000000000001,True,2.63365183219785
MESSIER 061::jw02107-o013_t013_miri_f1000w::jw03295-o007_t004_miri_f1000w,MESSIER 061,15,112973631,214658693,jw02107-o013_t013_miri_f1000w,jw03295-o007_t004_miri_f1000w,JWST,JWST,F1000W,F1000W,MIRI/IMAGE,MIRI/IMAGE,470.00132832175586,exact,1.0,1.4000000000000001,True,2.633651106596572
MESSIER 061::jw02107-o013_t013_miri_f1130w::jw03295-o007_t004_miri_f1130w,MESSIER 061,15,112977712,214658689,jw02107-o013_t013_miri_f1130w,jw03295-o007_t004_miri_f1130w,JWST,JWST,F1130W,F1130W,MIRI/IMAGE,MIRI/IMAGE,470.0012321064787,exact,1.0,1.4000000000000001,True,2.6336511021607283
MESSIER 061::jw02107-o013_t013_miri_f770w::jw03295-o007_t004_miri_f770w,MESSIER 061,15,112973637,214658694,jw02107-o013_t013_miri_f770w,jw03295-o007_t004_miri_f770w,JWST,JWST,F770W,F770W,MIRI/IMAGE,MIRI/IMAGE,470.00084677083214,exact,1.0,1.4000000000000001,True,2.6336510843954652
NGC 1365::jw01995-o006_t006_nircam_clear-f115w::jw05398-c1024_t000_nircam_clear-f115w,NGC 1365,2,172623010,233386597,jw01995-o006_t006_nircam_clear-f115w,jw05398-c1024_t000_nircam_clear-f115w,JWST,JWST,F115W,F115W,NIRCAM/IMAGE,NIRCAM/IMAGE,467.4778328819448,exact,1.0,1.4000000000000001,True,2.6335344523028326
NGC 3521::jw03707-o045_t026_miri_f770w::jw09233-o004_t002_miri_f770w,NGC 3521,59,214109317,268466004,jw03707-o045_t026_miri_f770w,jw09233-o004_t002_miri_f770w,JWST,JWST,F770W,F770W,MIRI/IMAGE,MIRI/IMAGE,397.2512245023172,exact,1.0,1.4000000000000001,True,2.630007855989984
NGC 1792::jw04793-o006_t006_nircam_clear-f200w::jw08277-o007_t005_nircam_clear-f200w,NGC 1792,92,230217935,355585966,jw04793-o006_t006_nircam_clear-f200w,jw08277-o007_t005_nircam_clear-f200w,JWST,JWST,F200W,F200W,NIRCAM/IMAGE,NIRCAM/IMAGE,392.553880694446,exact,1.0,1.4000000000000001,True,2.6297502099588175
NGC 1792::jw04793-o006_t006_nircam_clear-f277w::jw08277-o007_t005_nircam_clear-f277w,NGC 1792,92,230217945,355585965,jw04793-o006_t006_nircam_clear-f277w,jw08277-o007_t005_nircam_clear-f277w,JWST,JWST,F277W,F277W,NIRCAM/IMAGE,NIRCAM/IMAGE,392.52765891204035,exact,1.0,1.4000000000000001,True,2.6297487630978718
NGC 4388::jw06659-o001_t001_miri_f770w::jw05627-o021_t027_miri_f770w,NGC 4388,115,215777153,279680251,jw06659-o001_t001_miri_f770w,jw05627-o021_t027_miri_f770w,JWST,JWST,F770W,F770W,MIRI/IMAGE,MIRI/IMAGE,379.05062583333347,exact,1.0,1.4000000000000001,True,2.628992072601315
NGC 4388::jw06659-o001_t001_miri_f560w::jw05627-o021_t027_miri_f560w,NGC 4388,115,215777147,279680252,jw06659-o001_t001_miri_f560w,jw05627-o021_t027_miri_f560w,JWST,JWST,F560W,F560W,MIRI/IMAGE,MIRI/IMAGE,379.0344058796254,exact,1.0,1.4000000000000001,True,2.6289911458317956
MESSIER 061::jw02107-o031_t013_nircam_clear-f200w::jw02107-o044_t020_nircam_clear-f200w,MESSIER 061,15,113463246,210371131,jw02107-o031_t013_nircam_clear-f200w,jw02107-o044_t020_nircam_clear-f200w,JWST,JWST,F200W,F200W,NIRCAM/IMAGE,NIRCAM/IMAGE,370.96410550925793,exact,1.0,1.4000000000000001,True,2.6285250516269727
MESSIER 061::jw02107-o031_t013_nircam_clear-f300m::jw02107-o044_t020_nircam_clear-f300m,MESSIER 061,15,113463165,210371138,jw02107-o031_t013_nircam_clear-f300m,jw02107-o044_t020_nircam_clear-f300m,JWST,JWST,F300M,F300M,NIRCAM/IMAGE,NIRCAM/IMAGE,370.96410550925793,exact,1.0,1.4000000000000001,True,2.6285250516269727
MESSIER 061::jw02107-o031_t013_nircam_clear-f335m::jw02107-o044_t020_nircam_clear-f335m,MESSIER 061,15,113463339,210371121,jw02107-o031_t013_nircam_clear-f335m,jw02107-o044_t020_nircam_clear-f335m,JWST,JWST,F335M,F335M,NIRCAM/IMAGE,NIRCAM/IMAGE,370.9641054976819,exact,1.0,1.4000000000000001,True,2.628525051626297
MESSIER 061::jw02107-o031_t013_nircam_clear-f360m::jw02107-o044_t020_nircam_clear-f360m,MESSIER 061,15,113463303,210371117,jw02107-o031_t013_nircam_clear-f360m,jw02107-o044_t020_nircam_clear-f360m,JWST,JWST,F360M,F360M,NIRCAM/IMAGE,NIRCAM/IMAGE,370.9641047685218,exact,1.0,1.4000000000000001,True,2.6285250515837295
NGC 1365::jw05398-c1024_t000_nircam_clear-f200w::jw09246-o003_t003_nircam_clear-f200w,NGC 1365,2,233386596,364309227,jw05398-c1024_t000_nircam_clear-f200w,jw09246-o003_t003_nircam_clear-f200w,JWST,JWST,F200W,F200W,NIRCAM/IMAGE,NIRCAM/IMAGE,360.7102717592643,exact,1.0,1.4000000000000001,True,2.627918042096227
NGC 1365::jw05398-c1024_t000_nircam_clear-f150w::jw09246-o003_t003_nircam_clear-f150w,NGC 1365,2,233386600,364309250,jw05398-c1024_t000_nircam_clear-f150w,jw09246-o003_t003_nircam_clear-f150w,JWST,JWST,F150W,F150W,NIRCAM/IMAGE,NIRCAM/IMAGE,360.66553549769014,exact,1.0,1.4000000000000001,True,2.627915356256948
MESSIER 100::jw02107-o032_t014_nircam_clear-f200w::jw02107-o043_t014_nircam_clear-f200w,MESSIER 100,20,109850746,201377558,jw02107-o032_t014_nircam_clear-f200w,jw02107-o043_t014_nircam_clear-f200w,JWST,JWST,F200W,F200W,NIRCAM/IMAGE,NIRCAM/IMAGE,358.06311547453515,exact,1.0,1.4000000000000001,True,2.627758539739929
MESSIER 100::jw02107-o032_t014_nircam_clear-f360m::jw02107-o043_t014_nircam_clear-f360m,MESSIER 100,20,109838029,201377534,jw02107-o032_t014_nircam_clear-f360m,jw02107-o043_t014_nircam_clear-f360m,JWST,JWST,F360M,F360M,NIRCAM/IMAGE,NIRCAM/IMAGE,358.06311547453515,exact,1.0,1.4000000000000001,True,2.627758539739929
MESSIER 100::jw02107-o032_t014_nircam_clear-f300m::jw02107-o043_t014_nircam_clear-f300m,MESSIER 100,20,109850743,201377572,jw02107-o032_t014_nircam_clear-f300m,jw02107-o043_t014_nircam_clear-f300m,JWST,JWST,F300M,F300M,NIRCAM/IMAGE,NIRCAM/IMAGE,358.0631154629664,exact,1.0,1.4000000000000001,True,2.6277585397392293
MESSIER 100::jw02107-o032_t014_nircam_clear-f335m::jw02107-o043_t014_nircam_clear-f335m,MESSIER 100,20,109850744,201377577,jw02107-o032_t014_nircam_clear-f335m,jw02107-o043_t014_nircam_clear-f335m,JWST,JWST,F335M,F335M,NIRCAM/IMAGE,NIRCAM/IMAGE,358.0631154629664,exact,1.0,1.4000000000000001,True,2.6277585397392293
NGC 7172::jw02064-o015_t008_miri_f1500w-sub256::jw01670-o002_t009_miri_f1500w-sub256,NGC 7172,58,87625561,148390130,jw02064-o015_t008_miri_f1500w-sub256,jw01670-o002_t009_miri_f1500w-sub256,JWST,JWST,F1500W,F1500W,MIRI/IMAGE,MIRI/IMAGE,354.62846826388704,exact,1.0,1.4000000000000001,True,2.6275498259606693
NGC 7172::jw02064-o015_t008_miri_f1000w-sub256::jw01670-o002_t009_miri_f1000w-sub256,NGC 7172,58,87625566,148383977,jw02064-o015_t008_miri_f1000w-sub256,jw01670-o002_t009_miri_f1000w-sub256,JWST,JWST,F1000W,F1000W,MIRI/IMAGE,MIRI/IMAGE,354.6260030787016,exact,1.0,1.4000000000000001,True,2.6275496754355947
NGC 7172::jw02064-o015_t008_miri_f560w-sub256::jw01670-o002_t009_miri_f560w-sub256,NGC 7172,58,87625613,148390147,jw02064-o015_t008_miri_f560w-sub256,jw01670-o002_t009_miri_f560w-sub256,JWST,JWST,F560W,F560W,MIRI/IMAGE,MIRI/IMAGE,354.62349540509604,exact,1.0,1.4000000000000001,True,2.6275495223150918
NGC 3521::jw09233-o002_t001_miri_f560w::jw09258-o010_t002_miri_f560w,NGC 3521,59,236591993,369260848,jw09233-o002_t001_miri_f560w,jw09258-o010_t002_miri_f560w,JWST,JWST,F560W,F560W,MIRI/IMAGE,MIRI/IMAGE,345.3736797569436,exact,1.0,1.4000000000000001,True,2.626977244171508
NGC 3521::jw09233-o002_t001_miri_f770w::jw09258-o010_t002_miri_f770w,NGC 3521,59,236591995,369260805,jw09233-o002_t001_miri_f770w,jw09258-o010_t002_miri_f770w,JWST,JWST,F770W,F770W,MIRI/IMAGE,MIRI/IMAGE,345.2238744097267,exact,1.0,1.4000000000000001,True,2.6269678506014214
NGC 3521::jw09233-o002_t001_miri_ch1-long::jw09258-o010_t002_miri_ch1-long,NGC 3521,59,250854812,368918266,jw09233-o002_t001_miri_ch1-long,jw09258-o010_t002_miri_ch1-long,JWST,JWST,CH1-LONG,CH1-LONG,MIRI/IFU,MIRI/IFU,345.1399599074066,exact,1.0,1.4000000000000001,True,2.6269625869519233
NGC 3521::jw09233-o002_t001_miri_ch1-medium::jw09258-o010_t002_miri_ch1-medium,NGC 3521,59,250854813,368918265,jw09233-o002_t001_miri_ch1-medium,jw09258-o010_t002_miri_ch1-medium,JWST,JWST,CH1-MEDIUM,CH1-MEDIUM,MIRI/IFU,MIRI/IFU,345.1399599074066,exact,1.0,1.4000000000000001,True,2.6269625869519233
NGC 3521::jw09233-o002_t001_miri_ch1-short::jw09258-o010_t002_miri_ch1-short,NGC 3521,59,250854810,368918270,jw09233-o002_t001_miri_ch1-short,jw09258-o010_t002_miri_ch1-short,JWST,JWST,CH1-SHORT,CH1-SHORT,MIRI/IFU,MIRI/IFU,345.1399599074066,exact,1.0,1.4000000000000001,True,2.6269625869519233
NGC 1097::jw03707-o003_t003_miri_f770w::jw04972-o001_t001_miri_f770w-sub256,NGC 1097,3,199453507,233255704,jw03707-o003_t003_miri_f770w,jw04972-o001_t001_miri_f770w-sub256,JWST,JWST,F770W,F770W,MIRI/IMAGE,MIRI/IMAGE,335.90559777777526,exact,1.0,1.4000000000000001,True,2.6263754113480773
NGC 1097::jw03707-o004_t003_nircam_clear-f150w::jw04793-o001_t001_nircam_clear-f150w,NGC 1097,3,199453501,230217944,jw03707-o004_t003_nircam_clear-f150w,jw04793-o001_t001_nircam_clear-f150w,JWST,JWST,F150W,F150W,NIRCAM/IMAGE,NIRCAM/IMAGE,277.2010314699073,exact,1.0,1.4000000000000001,True,2.62221793679338
NGC 1097::jw03707-o004_t003_nircam_clear-f335m::jw04793-o001_t001_nircam_clear-f335m,NGC 1097,3,199453508,230217950,jw03707-o004_t003_nircam_clear-f335m,jw04793-o001_t001_nircam_clear-f335m,JWST,JWST,F335M,F335M,NIRCAM/IMAGE,NIRCAM/IMAGE,277.13839907407237,exact,1.0,1.4000000000000001,True,2.622213047529287
NGC 1097::jw03707-o004_t003_nircam_clear-f187n::jw04793-o001_t001_nircam_clear-f187n,NGC 1097,3,199453509,230217952,jw03707-o004_t003_nircam_clear-f187n,jw04793-o001_t001_nircam_clear-f187n,JWST,JWST,F187N,F187N,NIRCAM/IMAGE,NIRCAM/IMAGE,277.11143318287213,exact,1.0,1.4000000000000001,True,2.622210942155572
NGC 5728::jw02064-o013_t007_miri_f560w-sub256::jw01670-o010_t010_miri_f560w-sub256,NGC 5728,70,87625568,118423388,jw02064-o013_t007_miri_f560w-sub256,jw01670-o010_t010_miri_f560w-sub256,JWST,JWST,F560W,F560W,MIRI/IMAGE,MIRI/IMAGE,257.19187990740465,exact,1.0,1.4000000000000001,True,2.620597128982721
NGC 5728::jw02064-o013_t007_miri_f1000w-sub256::jw01670-o010_t010_miri_f1000w-sub256,NGC 5728,70,87625574,118423392,jw02064-o013_t007_miri_f1000w-sub256,jw01670-o010_t010_miri_f1000w-sub256,JWST,JWST,F1000W,F1000W,MIRI/IMAGE,MIRI/IMAGE,257.17016807870095,exact,1.0,1.4000000000000001,True,2.620595302874966
NGC 5728::jw02064-o013_t007_miri_f1500w-sub256::jw01670-o010_t010_miri_f1500w-sub256,NGC 5728,70,87625575,118423393,jw02064-o013_t007_miri_f1500w-sub256,jw01670-o010_t010_miri_f1500w-sub256,JWST,JWST,F1500W,F1500W,MIRI/IMAGE,MIRI/IMAGE,257.14897624999867,exact,1.0,1.4000000000000001,True,2.620593520354528
NGC 5728::jw02064-o014_t015_miri_f560w-sub256::jw01670-o010_t010_miri_f560w-sub256,NGC 5728,70,87625609,118423388,jw02064-o014_t015_miri_f560w-sub256,jw01670-o010_t010_miri_f560w-sub256,JWST,JWST,F560W,F560W,MIRI/IMAGE,MIRI/IMAGE,257.1410821759273,exact,1.0,1.4000000000000001,True,2.6205928563183427
NGC 5728::jw02064-o014_t015_miri_f1000w-sub256::jw01670-o010_t010_miri_f1000w-sub256,NGC 5728,70,87625585,118423392,jw02064-o014_t015_miri_f1000w-sub256,jw01670-o010_t010_miri_f1000w-sub256,JWST,JWST,F1000W,F1000W,MIRI/IMAGE,MIRI/IMAGE,257.12331849536713,exact,1.0,1.4000000000000001,True,2.620591361993257
NGC 5728::jw02064-o014_t015_miri_f1500w-sub256::jw01670-o010_t010_miri_f1500w-sub256,NGC 5728,70,87625581,118423393,jw02064-o014_t015_miri_f1500w-sub256,jw01670-o010_t010_miri_f1500w-sub256,JWST,JWST,F1500W,F1500W,MIRI/IMAGE,MIRI/IMAGE,257.10609628471866,exact,1.0,1.4000000000000001,True,2.620589913119783
NGC 5728::jw02064-o013_t007_miri_f560w-sub256::jw01670-o004_t003_miri_f560w-sub256,NGC 5728,70,87625568,118423417,jw02064-o013_t007_miri_f560w-sub256,jw01670-o004_t003_miri_f560w-sub256,JWST,JWST,F560W,F560W,MIRI/IMAGE,MIRI/IMAGE,256.92748752314947,exact,1.0,1.4000000000000001,True,2.620574881384427
NGC 5728::jw02064-o013_t007_miri_f1000w-sub256::jw01670-o004_t003_miri_f1000w-sub256,NGC 5728,70,87625574,118423418,jw02064-o013_t007_miri_f1000w-sub256,jw01670-o004_t003_miri_f1000w-sub256,JWST,JWST,F1000W,F1000W,MIRI/IMAGE,MIRI/IMAGE,256.9181482754648,exact,1.0,1.4000000000000001,True,2.620574095105848
NGC 1792::jw03707-o020_t011_nircam_clear-f150w::jw04793-o006_t006_nircam_clear-f150w,NGC 1792,92,204349157,230217942,jw03707-o020_t011_nircam_clear-f150w,jw04793-o006_t006_nircam_clear-f150w,JWST,JWST,F150W,F150W,NIRCAM/IMAGE,NIRCAM/IMAGE,255.79454315971816,exact,1.0,1.4000000000000001,True,2.6204792895405573
NGC 1792::jw03707-o020_t011_nircam_clear-f335m::jw04793-o006_t006_nircam_clear-f335m,NGC 1792,92,204349169,230217951,jw03707-o020_t011_nircam_clear-f335m,jw04793-o006_t006_nircam_clear-f335m,JWST,JWST,F335M,F335M,NIRCAM/IMAGE,NIRCAM/IMAGE,255.7315381712906,exact,1.0,1.4000000000000001,True,2.620473961141487
NGC 1792::jw03707-o020_t011_nircam_clear-f187n::jw04793-o006_t006_nircam_clear-f187n,NGC 1792,92,204349242,230217949,jw03707-o020_t011_nircam_clear-f187n,jw04793-o006_t006_nircam_clear-f187n,JWST,JWST,F187N,F187N,NIRCAM/IMAGE,NIRCAM/IMAGE,255.70432339120453,exact,1.0,1.4000000000000001,True,2.6204716591540893
NGC 7172::jw02064-o065_t008_miri_f1500w-sub256::jw01670-o002_t009_miri_f1500w-sub256,NGC 7172,58,100034348,148390130,jw02064-o065_t008_miri_f1500w-sub256,jw01670-o002_t009_miri_f1500w-sub256,JWST,JWST,F1500W,F1500W,MIRI/IMAGE,MIRI/IMAGE,227.42959622685157,exact,1.0,1.4000000000000001,True,2.61793761860507
NGC 7172::jw02064-o065_t008_miri_f1000w-sub256::jw01670-o002_t009_miri_f1000w-sub256,NGC 7172,58,100034338,148383977,jw02064-o065_t008_miri_f1000w-sub256,jw01670-o002_t009_miri_f1000w-sub256,JWST,JWST,F1000W,F1000W,MIRI/IMAGE,MIRI/IMAGE,227.42721401620656,exact,1.0,1.4000000000000001,True,2.6179373921487894
NGC 7172::jw02064-o065_t008_miri_f560w-sub256::jw01670-o002_t009_miri_f560w-sub256,NGC 7172,58,100034339,148390147,jw02064-o065_t008_miri_f560w-sub256,jw01670-o002_t009_miri_f560w-sub256,JWST,JWST,F560W,F560W,MIRI/IMAGE,MIRI/IMAGE,227.42446782407933,exact,1.0,1.4000000000000001,True,2.6179371310889894
NGC 7172::jw02064-o015_t008_miri_f560w-sub256::jw02064-o065_t008_miri_f560w-sub256,NGC 7172,58,87625613,100034339,jw02064-o015_t008_miri_f560w-sub256,jw02064-o065_t008_miri_f560w-sub256,JWST,JWST,F560W,F560W,MIRI/IMAGE,MIRI/IMAGE,127.19902758101671,exact,1.0,1.4000000000000001,True,2.60539423654861
NGC 7172::jw02064-o015_t008_miri_f1500w-sub256::jw02064-o065_t008_miri_f1500w-sub256,NGC 7172,58,87625561,100034348,jw02064-o015_t008_miri_f1500w-sub256,jw02064-o065_t008_miri_f1500w-sub256,JWST,JWST,F1500W,F1500W,MIRI/IMAGE,MIRI/IMAGE,127.19887203703547,exact,1.0,1.4000000000000001,True,2.605394210202102
NGC 3079::jw05627-o018_t006_miri_f1800w-sub128::jw05627-o017_t026_miri_f1800w,NGC 3079,75,233338427,243607777,jw05627-o018_t006_miri_f1800w-sub128,jw05627-o017_t026_miri_f1800w,JWST,JWST,F1800W,F1800W,MIRI/IMAGE,MIRI/IMAGE,77.1900121759245,exact,1.0,1.3839726921138777,True,2.5786302561518375
NGC 3079::jw05627-o018_t006_miri_f1500w-sub128::jw05627-o017_t026_miri_f1500w,NGC 3079,75,233338425,243607772,jw05627-o018_t006_miri_f1500w-sub128,jw05627-o017_t026_miri_f1500w,JWST,JWST,F1500W,F1500W,MIRI/IMAGE,MIRI/IMAGE,77.18373207176046,exact,1.0,1.3839674596218143,True,2.5786232794957527
NGC 3079::jw05627-o018_t006_miri_f1130w-sub128::jw05627-o017_t026_miri_f1130w,NGC 3079,75,233338423,243607782,jw05627-o018_t006_miri_f1130w-sub128,jw05627-o017_t026_miri_f1130w,JWST,JWST,F1130W,F1130W,MIRI/IMAGE,MIRI/IMAGE,77.18008158564771,exact,1.0,1.383964417896357,True,2.5786192238618098
NGC 3079::jw05627-o018_t006_miri_f770w-sub128::jw05627-o017_t026_miri_f770w,NGC 3079,75,233338424,243607764,jw05627-o018_t006_miri_f770w-sub128,jw05627-o017_t026_miri_f770w,JWST,JWST,F770W,F770W,MIRI/IMAGE,MIRI/IMAGE,77.17585782406968,exact,1.0,1.3839608983184883,True,2.578614531091318
NGC 3079::jw05627-o018_t006_miri_f560w-sub128::jw05627-o017_t026_miri_f560w,NGC 3079,75,233338429,243607785,jw05627-o018_t006_miri_f560w-sub128,jw05627-o017_t026_miri_f560w,JWST,JWST,F560W,F560W,MIRI/IMAGE,MIRI/IMAGE,77.16688748842716,exact,1.0,1.3839534228825154,True,2.578604563843354
NGC 1365::jw02107-o021_t003_nircam_clear-f360m::jw01995-o006_t006_nircam_clear-f356w,NGC 1365,2,89120124,172622994,jw02107-o021_t003_nircam_clear-f360m,jw01995-o006_t006_nircam_clear-f356w,JWST,JWST,F360M,F356W,NIRCAM/IMAGE,NIRCAM/IMAGE,380.6726344675917,very_similar,0.85,1.25,True,2.3790845511300502
MESSIER 083::hst_9299_08_acs_wfc_f475w-pol0v_j8e808::hst_17747_25_acs_wfc_f475w_jfgf25,MESSIER 083,25,26325802,378125577,hst_9299_08_acs_wfc_f475w-pol0v_j8e808,hst_17747_25_acs_wfc_f475w_jfgf25,HST,HST,F475W,F475W,ACS/WFC,ACS/WFC,8564.847515770001,exact,1.0,1.4000000000000001,True,2.2966385169535934
MESSIER 083::hst_9774_0h_acs_wfc_f814w_j8ph0h::hst_17747_26_acs_wfc_f814w_jfgf26,MESSIER 083,25,26349913,378063553,hst_9774_0h_acs_wfc_f814w_j8ph0h,hst_17747_26_acs_wfc_f814w_jfgf26,HST,HST,F814W,F814W,ACS/WFC,ACS/WFC,7850.81778171,exact,1.0,1.4000000000000001,True,2.29474851061545
NGC 1309::hst_10497_03_acs_wfc_f555w_j9cb03::hst_17907_03_acs_wfc_f555w_jfjg03,NGC 1309,89,26428572,355634786,hst_10497_03_acs_wfc_f555w_j9cb03,hst_17907_03_acs_wfc_f555w_jfjg03,HST,HST,F555W,F555W,ACS/WFC,ACS/WFC,7370.95530645,exact,1.0,1.4000000000000001,True,2.2933791346790815
NGC 1309::hst_10497_03_acs_wfc_f555w_j9cb03::hst_17907_04_acs_wfc_f555w_jfjg04,NGC 1309,89,26428572,355633917,hst_10497_03_acs_wfc_f555w_j9cb03,hst_17907_04_acs_wfc_f555w_jfjg04,HST,HST,F555W,F555W,ACS/WFC,ACS/WFC,7369.189056449999,exact,1.0,1.4000000000000001,True,2.2933739314154757
NGC 1309::hst_10497_06_acs_wfc_f555w_j9cb06::hst_17907_03_acs_wfc_f555w_jfjg03,NGC 1309,89,26390871,355634786,hst_10497_06_acs_wfc_f555w_j9cb06,hst_17907_03_acs_wfc_f555w_jfjg03,HST,HST,F555W,F555W,ACS/WFC,ACS/WFC,7360.8287557099975,exact,1.0,1.4000000000000001,True,2.2933492855528756
NGC 1309::hst_10497_07_acs_wfc_f555w_j9cb07::hst_17907_03_acs_wfc_f555w_jfjg03,NGC 1309,89,26428046,355634786,hst_10497_07_acs_wfc_f555w_j9cb07,hst_17907_03_acs_wfc_f555w_jfjg03,HST,HST,F555W,F555W,ACS/WFC,ACS/WFC,7359.229959409997,exact,1.0,1.4000000000000001,True,2.2933445691716488
NGC 1309::hst_10497_06_acs_wfc_f555w_j9cb06::hst_17907_04_acs_wfc_f555w_jfjg04,NGC 1309,89,26390871,355633917,hst_10497_06_acs_wfc_f555w_j9cb06,hst_17907_04_acs_wfc_f555w_jfjg04,HST,HST,F555W,F555W,ACS/WFC,ACS/WFC,7359.062505709997,exact,1.0,1.4000000000000001,True,2.2933440751310714
NGC 1309::hst_10497_07_acs_wfc_f555w_j9cb07::hst_17907_04_acs_wfc_f555w_jfjg04,NGC 1309,89,26428046,355633917,hst_10497_07_acs_wfc_f555w_j9cb07,hst_17907_04_acs_wfc_f555w_jfjg04,HST,HST,F555W,F555W,ACS/WFC,ACS/WFC,7357.463709409996,exact,1.0,1.4000000000000001,True,2.2933393576178953
NGC 1309::hst_10497_09_acs_wfc_f555w_j9cb09::hst_17907_03_acs_wfc_f555w_jfjg03,NGC 1309,89,26390525,355634786,hst_10497_09_acs_wfc_f555w_j9cb09,hst_17907_03_acs_wfc_f555w_jfjg03,HST,HST,F555W,F555W,ACS/WFC,ACS/WFC,7353.818280449996,exact,1.0,1.4000000000000001,True,2.293328597342146
NGC 1309::hst_10497_09_acs_wfc_f555w_j9cb09::hst_17907_04_acs_wfc_f555w_jfjg04,NGC 1309,89,26390525,355633917,hst_10497_09_acs_wfc_f555w_j9cb09,hst_17907_04_acs_wfc_f555w_jfjg04,HST,HST,F555W,F555W,ACS/WFC,ACS/WFC,7352.052030449995,exact,1.0,1.4000000000000001,True,2.293323381953268
NGC 1097::hst_9788_03_acs_wfc_f814w_j8mx03::hst_15654_58_acs_wfc_f814w_jdxr58,NGC 1097,3,26352154,26493087,hst_9788_03_acs_wfc_f814w_j8mx03,hst_15654_58_acs_wfc_f814w_jdxr58,HST,HST,F814W,F814W,ACS/WFC,ACS/WFC,5914.974981600004,exact,1.0,1.4000000000000001,True,2.2886013164358165
MESSIER 083::hst_12513_02_acs_wfc_f814w_jbqc02::hst_17747_26_acs_wfc_f814w_jfgf26,MESSIER 083,25,26448158,378063553,hst_12513_02_acs_wfc_f814w_jbqc02,hst_17747_26_acs_wfc_f814w_jfgf26,HST,HST,F814W,F814W,ACS/WFC,ACS/WFC,4908.842921819996,exact,1.0,1.4000000000000001,True,2.2845533799088162
MESSIER 083::hst_12513_08_acs_wfc_f814w_jbqc08::hst_17747_26_acs_wfc_f814w_jfgf26,MESSIER 083,25,26448040,378063553,hst_12513_08_acs_wfc_f814w_jbqc08,hst_17747_26_acs_wfc_f814w_jfgf26,HST,HST,F814W,F814W,ACS/WFC,ACS/WFC,4900.864923729998,exact,1.0,1.4000000000000001,True,2.2845180669809833
MESSIER 100::hst_11646_01_wfc3_uvis_f555w_ib2q01::hst_16500_01_wfc3_uvis_f555w_iejn01,MESSIER 100,20,26508855,60942197,hst_11646_01_wfc3_uvis_f555w_ib2q01,hst_16500_01_wfc3_uvis_f555w_iejn01,HST,HST,F555W,F555W,WFC3/UVIS,WFC3/UVIS,4212.60654827,exact,1.0,1.4000000000000001,True,2.281232699013856
NGC 1097::hst_13413_01_wfc3_uvis_f657n_icc501::hst_17457_04_wfc3_uvis_f657n_if8k04,NGC 1097,3,26602179,309493197,hst_13413_01_wfc3_uvis_f657n_icc501,hst_17457_04_wfc3_uvis_f657n_if8k04,HST,HST,F657N,F657N,WFC3/UVIS,WFC3/UVIS,4199.112101659994,exact,1.0,1.4000000000000001,True,2.2811630440970694
NGC 4414::hst_12888_01_wfc3_uvis_f555w_ibzv01::hst_17413_31_wfc3_uvis_f555w_if8731,NGC 4414,46,26579158,215035418,hst_12888_01_wfc3_uvis_f555w_ibzv01,hst_17413_31_wfc3_uvis_f555w_if8731,HST,HST,F555W,F555W,WFC3/UVIS,WFC3/UVIS,3963.153147539997,exact,1.0,1.4000000000000001,True,2.279907521214057
MESSIER 100::hst_11646_01_wfc3_uvis_f555w_ib2q01::hst_16075_01_wfc3_uvis_f555w_ie9801,MESSIER 100,20,26508855,26713019,hst_11646_01_wfc3_uvis_f555w_ib2q01,hst_16075_01_wfc3_uvis_f555w_ie9801,HST,HST,F555W,F555W,WFC3/UVIS,WFC3/UVIS,3843.6295484599977,exact,1.0,1.4000000000000001,True,2.2792427249726663
NGC 4414::hst_12888_01_wfc3_uvis_f555w_ibzv01::hst_17413_30_wfc3_uvis_f555w_if8730,NGC 4414,46,26579158,201407166,hst_12888_01_wfc3_uvis_f555w_ibzv01,hst_17413_30_wfc3_uvis_f555w_if8730,HST,HST,F555W,F555W,WFC3/UVIS,WFC3/UVIS,3828.319923789997,exact,1.0,1.4000000000000001,True,2.2791560825682655
MESSIER 100::hst_11646_01_wfc3_uvis_f555w_ib2q01::hst_15654_44_wfc3_uvis_f555w_idxr44,MESSIER 100,20,26508855,26695577,hst_11646_01_wfc3_uvis_f555w_ib2q01,hst_15654_44_wfc3_uvis_f555w_idxr44,HST,HST,F555W,F555W,WFC3/UVIS,WFC3/UVIS,3730.7718598400024,exact,1.0,1.4000000000000001,True,2.2785957542746083
NGC 4414::hst_12888_01_wfc3_uvis_f555w_ibzv01::hst_17191_03_wfc3_uvis_f555w_iex603,NGC 4414,46,26579158,153426699,hst_12888_01_wfc3_uvis_f555w_ibzv01,hst_17191_03_wfc3_uvis_f555w_iex603,HST,HST,F555W,F555W,WFC3/UVIS,WFC3/UVIS,3655.8506246899997,exact,1.0,1.4000000000000001,True,2.2781553610303313
NGC 4414::hst_12888_01_wfc3_uvis_f555w_ibzv01::hst_17191_28_wfc3_uvis_f555w_iex628,NGC 4414,46,26579158,136662294,hst_12888_01_wfc3_uvis_f555w_ibzv01,hst_17191_28_wfc3_uvis_f555w_iex628,HST,HST,F555W,F555W,WFC3/UVIS,WFC3/UVIS,3588.236930469997,exact,1.0,1.4000000000000001,True,2.277750106382801
MESSIER 099::hst_12118_04_wfc3_uvis_f814w_ibfx04::hst_15654_24_wfc3_uvis_f814w_idxr24,MESSIER 099,48,26571628,26698324,hst_12118_04_wfc3_uvis_f814w_ibfx04,hst_15654_24_wfc3_uvis_f814w_idxr24,HST,HST,F814W,F814W,WFC3/UVIS,WFC3/UVIS,3558.0875048499947,exact,1.0,1.4000000000000001,True,2.2775669332918236
NGC 4536::hst_11570_24_wfc3_uvis_f555w_ib1f24::hst_15654_29_wfc3_uvis_f555w_idxr29,NGC 4536,102,26506213,26695642,hst_11570_24_wfc3_uvis_f555w_ib1f24,hst_15654_29_wfc3_uvis_f555w_idxr29,HST,HST,F555W,F555W,WFC3/UVIS,WFC3/UVIS,3534.4128637299946,exact,1.0,1.4000000000000001,True,2.2774220068892452
NGC 1448::hst_12880_16_wfc3_ir_f160w_ic1316::hst_17000_06_wfc3_ir_f160w_iev206,NGC 1448,107,26583000,116143396,hst_12880_16_wfc3_ir_f160w_ic1316,hst_17000_06_wfc3_ir_f160w_iev206,HST,HST,F160W,F160W,WFC3/IR,WFC3/IR,3428.9285568699997,exact,1.0,1.4000000000000001,True,2.2767642537035924
NGC 1448::hst_12880_20_wfc3_ir_f160w_ic1320::hst_17000_06_wfc3_ir_f160w_iev206,NGC 1448,107,26583618,116143396,hst_12880_20_wfc3_ir_f160w_ic1320,hst_17000_06_wfc3_ir_f160w_iev206,HST,HST,F160W,F160W,WFC3/IR,WFC3/IR,3402.4069358900015,exact,1.0,1.4000000000000001,True,2.2765956939791154
NGC 4414::hst_12888_01_wfc3_uvis_f555w_ibzv01::hst_17191_01_wfc3_uvis_f555w_iex601,NGC 4414,46,26579158,100097798,hst_12888_01_wfc3_uvis_f555w_ibzv01,hst_17191_01_wfc3_uvis_f555w_iex601,HST,HST,F555W,F555W,WFC3/UVIS,WFC3/UVIS,3398.489979509999,exact,1.0,1.4000000000000001,True,2.2765706882683006
NGC 4039::hst_11577_91_acs_wfc_f814w_jb5u91::hst_15645_19_acs_wfc_f814w_jdxk19,NGC 4039,7,26417986,26493562,hst_11577_91_acs_wfc_f814w_jb5u91,hst_15645_19_acs_wfc_f814w_jdxk19,HST,HST,F814W,F814W,ACS/WFC,ACS/WFC,3385.5115249500013,exact,1.0,1.4000000000000001,True,2.276487627896627
NGC 1448::hst_12880_23_wfc3_ir_f160w_ic1323::hst_17000_06_wfc3_ir_f160w_iev206,NGC 1448,107,26583567,116143396,hst_12880_23_wfc3_ir_f160w_ic1323,hst_17000_06_wfc3_ir_f160w_iev206,HST,HST,F160W,F160W,WFC3/IR,WFC3/IR,3383.286287740004,exact,1.0,1.4000000000000001,True,2.276473354714902
NGC 4039::hst_11577_20_acs_wfc_f814w_jb5u20::hst_15645_19_acs_wfc_f814w_jdxk19,NGC 4039,7,26416927,26493562,hst_11577_20_acs_wfc_f814w_jb5u20,hst_15645_19_acs_wfc_f814w_jdxk19,HST,HST,F814W,F814W,ACS/WFC,ACS/WFC,3382.829707249999,exact,1.0,1.4000000000000001,True,2.276470424942602
NGC 4039::hst_11577_12_acs_wfc_f814w_jb5u12::hst_15645_19_acs_wfc_f814w_jdxk19,NGC 4039,7,26415793,26493562,hst_11577_12_acs_wfc_f814w_jb5u12,hst_15645_19_acs_wfc_f814w_jdxk19,HST,HST,F814W,F814W,ACS/WFC,ACS/WFC,3376.504799839997,exact,1.0,1.4000000000000001,True,2.2764297987439566
NGC 1448::hst_12880_16_wfc3_ir_f160w_ic1316::hst_16885_04_wfc3_ir_f160w_iesl04,NGC 1448,107,26583000,92558579,hst_12880_16_wfc3_ir_f160w_ic1316,hst_16885_04_wfc3_ir_f160w_iesl04,HST,HST,F160W,F160W,WFC3/IR,WFC3/IR,3273.8228347600016,exact,1.0,1.4000000000000001,True,2.275759390499332
NGC 1448::hst_12880_20_wfc3_ir_f160w_ic1320::hst_16885_04_wfc3_ir_f160w_iesl04,NGC 1448,107,26583618,92558579,hst_12880_20_wfc3_ir_f160w_ic1320,hst_16885_04_wfc3_ir_f160w_iesl04,HST,HST,F160W,F160W,WFC3/IR,WFC3/IR,3247.3012137800033,exact,1.0,1.4000000000000001,True,2.275582814720223
NGC 1448::hst_12880_23_wfc3_ir_f160w_ic1323::hst_16885_04_wfc3_ir_f160w_iesl04,NGC 1448,107,26583567,92558579,hst_12880_23_wfc3_ir_f160w_ic1323,hst_16885_04_wfc3_ir_f160w_iesl04,HST,HST,F160W,F160W,WFC3/IR,WFC3/IR,3228.1805656300057,exact,1.0,1.4000000000000001,True,2.2754546165039433
IC 2163::hst_13029_10_wfc3_uvis_f814w_ibyb10::hst_16239_28_wfc3_uvis_f814w_ieec28,IC 2163,104,26574695,62910918,hst_13029_10_wfc3_uvis_f814w_ibyb10,hst_16239_28_wfc3_uvis_f814w_ieec28,HST,HST,F814W,F814W,WFC3/UVIS,WFC3/UVIS,3224.5326096499994,exact,1.0,1.4000000000000001,True,2.2754300718452107
NGC 2207::hst_13029_10_wfc3_uvis_f814w_ibyb10::hst_16239_28_wfc3_uvis_f814w_ieec28,NGC 2207,88,26574695,62910918,hst_13029_10_wfc3_uvis_f814w_ibyb10,hst_16239_28_wfc3_uvis_f814w_ieec28,HST,HST,F814W,F814W,WFC3/UVIS,WFC3/UVIS,3224.5326096499994,exact,1.0,1.4000000000000001,True,2.2754300718452107
NGC 7479::hst_11575_53_acs_wfc_f814w_jb4u53::hst_15645_09_acs_wfc_f814w_jdxk09,NGC 7479,10,26414899,26493734,hst_11575_53_acs_wfc_f814w_jb4u53,hst_15645_09_acs_wfc_f814w_jdxk09,HST,HST,F814W,F814W,ACS/WFC,ACS/WFC,3115.3816238699947,exact,1.0,1.4000000000000001,True,2.2746825317406656
MESSIER 083::hst_9774_0f_acs_wfc_f435w_j8ph0f::hst_12513_08_acs_wfc_f435w_jbqc08,MESSIER 083,25,26354272,26447996,hst_9774_0f_acs_wfc_f435w_j8ph0f,hst_12513_08_acs_wfc_f435w_jbqc08,HST,HST,F435W,F435W,ACS/WFC,ACS/WFC,2959.2781357600034,exact,1.0,1.4000000000000001,True,2.2735666258764438
MESSIER 083::hst_9774_0h_acs_wfc_f814w_j8ph0h::hst_12513_08_acs_wfc_f814w_jbqc08,MESSIER 083,25,26349913,26448040,hst_9774_0h_acs_wfc_f814w_j8ph0h,hst_12513_08_acs_wfc_f814w_jbqc08,HST,HST,F814W,F814W,ACS/WFC,ACS/WFC,2949.9528579800026,exact,1.0,1.4000000000000001,True,2.2734981135810184
MESSIER 083::hst_9774_0h_acs_wfc_f435w_j8ph0h::hst_12513_08_acs_wfc_f435w_jbqc08,MESSIER 083,25,26349928,26447996,hst_9774_0h_acs_wfc_f435w_j8ph0h,hst_12513_08_acs_wfc_f435w_jbqc08,HST,HST,F435W,F435W,ACS/WFC,ACS/WFC,2949.893195180004,exact,1.0,1.4000000000000001,True,2.2734976745450863
MESSIER 083::hst_9774_0h_acs_wfc_f814w_j8ph0h::hst_12513_02_acs_wfc_f814w_jbqc02,MESSIER 083,25,26349913,26448158,hst_9774_0h_acs_wfc_f814w_j8ph0h,hst_12513_02_acs_wfc_f814w_jbqc02,HST,HST,F814W,F814W,ACS/WFC,ACS/WFC,2941.974859890004,exact,1.0,1.4000000000000001,True,2.273439327609607
NGC 1448::hst_12880_14_wfc3_uvis_f814w_ic1314::hst_16239_08_wfc3_uvis_f814w_ieec08,NGC 1448,107,26585686,62301596,hst_12880_14_wfc3_uvis_f814w_ic1314,hst_16239_08_wfc3_uvis_f814w_ieec08,HST,HST,F814W,F814W,WFC3/UVIS,WFC3/UVIS,2905.691699969997,exact,1.0,1.4000000000000001,True,2.273169948525187
NGC 1448::hst_12880_18_wfc3_uvis_f814w_ic1318::hst_16239_08_wfc3_uvis_f814w_ieec08,NGC 1448,107,26586024,62301596,hst_12880_18_wfc3_uvis_f814w_ic1318,hst_16239_08_wfc3_uvis_f814w_ieec08,HST,HST,F814W,F814W,WFC3/UVIS,WFC3/UVIS,2877.579581179998,exact,1.0,1.4000000000000001,True,2.272958912022884
NGC 3147::hst_15145_32_wfc3_uvis_f555w_idgg32::hst_17846_03_wfc3_uvis_f555w_ifgg03,NGC 3147,4,26668462,264855758,hst_15145_32_wfc3_uvis_f555w_idgg32,hst_17846_03_wfc3_uvis_f555w_ifgg03,HST,HST,F555W,F555W,WFC3/UVIS,WFC3/UVIS,2744.8578700200014,exact,1.0,1.4000000000000001,True,2.271933902685395
NGC 7331::hst_14668_04_wfc3_uvis_f555w_id9604::hst_17506_25_wfc3_uvis_f555w_if8c25,NGC 7331,9,26302845,201411183,hst_14668_04_wfc3_uvis_f555w_id9604,hst_17506_25_wfc3_uvis_f555w_if8c25,HST,HST,F555W,F555W,WFC3/UVIS,WFC3/UVIS,2643.3501688500037,exact,1.0,1.4000000000000001,True,2.2711159482277026
NGC 3147::hst_15145_3a_wfc3_uvis_f555w_idgg3a::hst_17846_03_wfc3_uvis_f555w_ifgg03,NGC 3147,4,26668583,264855758,hst_15145_3a_wfc3_uvis_f555w_idgg3a,hst_17846_03_wfc3_uvis_f555w_ifgg03,HST,HST,F555W,F555W,WFC3/UVIS,WFC3/UVIS,2607.6724735800017,exact,1.0,1.4000000000000001,True,2.2708209777793495
MESSIER 100::hst_skycell-p1722x05y02_acs_wfc_f814w_all::hst_15645_16_acs_wfc_f814w_jdxk16,MESSIER 100,20,87487207,26493493,hst_skycell-p1722x05y02_acs_wfc_f814w_all,hst_15645_16_acs_wfc_f814w_jdxk16,HST,HST,F814W,F814W,ACS/WFC,ACS/WFC,2372.8578803499986,exact,1.0,1.4000000000000001,True,2.2687727357387777
IC 2163::hst_13787_05_wfc3_uvis_f555w_ickj05::hst_skycell-p0818x12y14_wfc3_uvis_f555w_all,IC 2163,104,26614807,83224235,hst_13787_05_wfc3_uvis_f555w_ickj05,hst_skycell-p0818x12y14_wfc3_uvis_f555w_all,HST,HST,F555W,F555W,WFC3/UVIS,WFC3/UVIS,2333.795166759999,exact,1.0,1.4000000000000001,True,2.2684124392804836
NGC 2207::hst_13787_05_wfc3_uvis_f555w_ickj05::hst_16239_28_wfc3_uvis_f555w_ieec28,NGC 2207,88,26614807,62910919,hst_13787_05_wfc3_uvis_f555w_ickj05,hst_16239_28_wfc3_uvis_f555w_ieec28,HST,HST,F555W,F555W,WFC3/UVIS,WFC3/UVIS,2333.795166759999,exact,1.0,1.4000000000000001,True,2.2684124392804836
NGC 2207::hst_13787_05_wfc3_uvis_f814w_ickj05::hst_16239_28_wfc3_uvis_f814w_ieec28,NGC 2207,88,26614793,62910918,hst_13787_05_wfc3_uvis_f814w_ickj05,hst_16239_28_wfc3_uvis_f814w_ieec28,HST,HST,F814W,F814W,WFC3/UVIS,WFC3/UVIS,2333.7100852799995,exact,1.0,1.4000000000000001,True,2.2684116479671586
MESSIER 066::hst_12968_01_wfc3_uvis_f438w_ic0h01::hst_15654_22_wfc3_uvis_f438w_idxr22,MESSIER 066,30,26583197,26689617,hst_12968_01_wfc3_uvis_f438w_ic0h01,hst_15654_22_wfc3_uvis_f438w_idxr22,HST,HST,F438W,F438W,WFC3/UVIS,WFC3/UVIS,2203.6784212899947,exact,1.0,1.4000000000000001,True,2.267167262569007
MESSIER 066::hst_12968_01_wfc3_uvis_f814w_ic0h01::hst_15654_22_wfc3_uvis_f814w_idxr22,MESSIER 066,30,26583220,26689624,hst_12968_01_wfc3_uvis_f814w_ic0h01,hst_15654_22_wfc3_uvis_f814w_idxr22,HST,HST,F814W,F814W,WFC3/UVIS,WFC3/UVIS,2203.5971594500006,exact,1.0,1.4000000000000001,True,2.2671664621752
MESSIER 066::hst_13477_03_wfc3_uvis_f555w_ic8503::hst_15654_22_wfc3_uvis_f555w_idxr22,MESSIER 066,30,26595970,26689610,hst_13477_03_wfc3_uvis_f555w_ic8503,hst_15654_22_wfc3_uvis_f555w_idxr22,HST,HST,F555W,F555W,WFC3/UVIS,WFC3/UVIS,2173.7849484100007,exact,1.0,1.4000000000000001,True,2.266870815930363
MESSIER 066::hst_13477_03_wfc3_uvis_f814w_ic8503::hst_15654_22_wfc3_uvis_f814w_idxr22,MESSIER 066,30,26595787,26689624,hst_13477_03_wfc3_uvis_f814w_ic8503,hst_15654_22_wfc3_uvis_f814w_idxr22,HST,HST,F814W,F814W,WFC3/UVIS,WFC3/UVIS,2173.6953995300064,exact,1.0,1.4000000000000001,True,2.2668699217871247
6dF J0245599-073443::hst_11575_02_acs_wfc_f814w_jb4u02::hst_14226_01_acs_wfc_f814w_jcuc01,6dF J0245599-073443,37,26415511,26473578,hst_11575_02_acs_wfc_f814w_jb4u02,hst_14226_01_acs_wfc_f814w_jcuc01,HST,HST,F814W,F814W,ACS/WFC,ACS/WFC,2139.9010605399963,exact,1.0,1.4000000000000001,True,2.2665298298650867
MESSIER 066::hst_13364_12_wfc3_uvis_f555w_icdm12::hst_15654_22_wfc3_uvis_f555w_idxr22,MESSIER 066,30,26606953,26689610,hst_13364_12_wfc3_uvis_f555w_icdm12,hst_15654_22_wfc3_uvis_f555w_idxr22,HST,HST,F555W,F555W,WFC3/UVIS,WFC3/UVIS,2101.9854062500017,exact,1.0,1.4000000000000001,True,2.2661418129446567
MESSIER 066::hst_13364_12_wfc3_uvis_f438w_icdm12::hst_15654_22_wfc3_uvis_f438w_idxr22,MESSIER 066,30,26606988,26689617,hst_13364_12_wfc3_uvis_f438w_icdm12,hst_15654_22_wfc3_uvis_f438w_idxr22,HST,HST,F438W,F438W,WFC3/UVIS,WFC3/UVIS,2101.966934029995,exact,1.0,1.4000000000000001,True,2.266141622205852
NGC 4039::hst_10188_10_acs_wfc_f435w_j91k10::hst_11577_12_acs_wfc_f435w_jb5u12,NGC 4039,7,26378939,26415813,hst_10188_10_acs_wfc_f435w_j91k10,hst_11577_12_acs_wfc_f435w_jb5u12,HST,HST,F435W,F435W,ACS/WFC,ACS/WFC,2017.5952905500017,exact,1.0,1.4000000000000001,True,2.2652524627847463
NGC 4039::hst_10188_10_acs_wfc_f435w_j91k10::hst_11577_20_acs_wfc_f435w_jb5u20,NGC 4039,7,26378939,26416900,hst_10188_10_acs_wfc_f435w_j91k10,hst_11577_20_acs_wfc_f435w_jb5u20,HST,HST,F435W,F435W,ACS/WFC,ACS/WFC,2011.3875222600036,exact,1.0,1.4000000000000001,True,2.265185580791699
NGC 3147::hst_15145_32_wfc3_uvis_f555w_idgg32::hst_17191_07_wfc3_uvis_f555w_iex607,NGC 3147,4,26668462,126983310,hst_15145_32_wfc3_uvis_f555w_idgg32,hst_17191_07_wfc3_uvis_f555w_iex607,HST,HST,F555W,F555W,WFC3/UVIS,WFC3/UVIS,1986.1930394899973,exact,1.0,1.4000000000000001,True,2.264912002865133
MESSIER 077::hst_15151_04_wfc3_uvis_f555w_idm104::hst_17502_01_wfc3_uvis_f555w_ifab01,MESSIER 077,6,26676050,229880268,hst_15151_04_wfc3_uvis_f555w_idm104,hst_17502_01_wfc3_uvis_f555w_ifab01,HST,HST,F555W,F555W,WFC3/UVIS,WFC3/UVIS,1904.6113411999977,exact,1.0,1.4000000000000001,True,2.2640017164419772
MESSIER 077::hst_15151_04_wfc3_uvis_f814w_idm104::hst_17502_01_wfc3_uvis_f814w_ifab01,MESSIER 077,6,26693964,229880271,hst_15151_04_wfc3_uvis_f814w_idm104,hst_17502_01_wfc3_uvis_f814w_ifab01,HST,HST,F814W,F814W,WFC3/UVIS,WFC3/UVIS,1904.5682619500003,exact,1.0,1.4000000000000001,True,2.26400122554198
NGC 3147::hst_15145_3a_wfc3_uvis_f555w_idgg3a::hst_17191_07_wfc3_uvis_f555w_iex607,NGC 3147,4,26668583,126983310,hst_15145_3a_wfc3_uvis_f555w_idgg3a,hst_17191_07_wfc3_uvis_f555w_iex607,HST,HST,F555W,F555W,WFC3/UVIS,WFC3/UVIS,1849.0076430499976,exact,1.0,1.4000000000000001,True,2.2633586761317073
NGC 3147::hst_15145_32_wfc3_uvis_f555w_idgg32::hst_17191_06_wfc3_uvis_f555w_iex606,NGC 3147,4,26668462,101312118,hst_15145_32_wfc3_uvis_f555w_idgg32,hst_17191_06_wfc3_uvis_f555w_iex606,HST,HST,F555W,F555W,WFC3/UVIS,WFC3/UVIS,1843.4142265300034,exact,1.0,1.4000000000000001,True,2.2632929231703107
NGC 6744::hst_13364_0e_wfc3_uvis_f336w_icdm0e::hst_15654_41_wfc3_uvis_f336w_idxr41,NGC 6744,93,26606971,26690295,hst_13364_0e_wfc3_uvis_f336w_icdm0e,hst_15654_41_wfc3_uvis_f336w_idxr41,HST,HST,F336W,F336W,WFC3/UVIS,WFC3/UVIS,1735.8020050900013,exact,1.0,1.4000000000000001,True,2.2619875155913824
NGC 6744::hst_13364_0e_wfc3_uvis_f438w_icdm0e::hst_15654_41_wfc3_uvis_f438w_idxr41,NGC 6744,93,26606959,26690297,hst_13364_0e_wfc3_uvis_f438w_icdm0e,hst_15654_41_wfc3_uvis_f438w_idxr41,HST,HST,F438W,F438W,WFC3/UVIS,WFC3/UVIS,1735.778093599998,exact,1.0,1.4000000000000001,True,2.2619872166310055
NGC 6744::hst_13364_0e_wfc3_uvis_f814w_icdm0e::hst_15654_41_wfc3_uvis_f814w_idxr41,NGC 6744,93,26606948,26690298,hst_13364_0e_wfc3_uvis_f814w_icdm0e,hst_15654_41_wfc3_uvis_f814w_idxr41,HST,HST,F814W,F814W,WFC3/UVIS,WFC3/UVIS,1735.7002232399973,exact,1.0,1.4000000000000001,True,2.261986243005591
NGC 3147::hst_15145_3a_wfc3_uvis_f555w_idgg3a::hst_17191_06_wfc3_uvis_f555w_iex606,NGC 3147,4,26668583,101312118,hst_15145_3a_wfc3_uvis_f555w_idgg3a,hst_17191_06_wfc3_uvis_f555w_iex606,HST,HST,F555W,F555W,WFC3/UVIS,WFC3/UVIS,1706.2288300900036,exact,1.0,1.4000000000000001,True,2.261614586805147
MESSIER 077::hst_15151_04_wfc3_uvis_f555w_idm104::hst_17165_09_wfc3_uvis_f555w_ieyq09,MESSIER 077,6,26676050,212564374,hst_15151_04_wfc3_uvis_f555w_idm104,hst_17165_09_wfc3_uvis_f555w_ieyq09,HST,HST,F555W,F555W,WFC3/UVIS,WFC3/UVIS,1703.0404646099996,exact,1.0,1.4000000000000001,True,2.261573995171422
MESSIER 077::hst_15151_04_wfc3_uvis_f555w_idm104::hst_17165_06_wfc3_uvis_f555w_ieyq06,MESSIER 077,6,26676050,212562016,hst_15151_04_wfc3_uvis_f555w_idm104,hst_17165_06_wfc3_uvis_f555w_ieyq06,HST,HST,F555W,F555W,WFC3/UVIS,WFC3/UVIS,1700.1407075699972,exact,1.0,1.4000000000000001,True,2.261537011859167
MESSIER 077::hst_15151_04_wfc3_uvis_f555w_idm104::hst_17165_02_wfc3_uvis_f555w_ieyq02,MESSIER 077,6,26676050,212556836,hst_15151_04_wfc3_uvis_f555w_idm104,hst_17165_02_wfc3_uvis_f555w_ieyq02,HST,HST,F555W,F555W,WFC3/UVIS,WFC3/UVIS,1698.0319690600008,exact,1.0,1.4000000000000001,True,2.2615100775324968
MESSIER 077::hst_15151_04_wfc3_uvis_f814w_idm104::hst_17165_12_wfc3_uvis_f814w_ieyq12,MESSIER 077,6,26693964,212511314,hst_15151_04_wfc3_uvis_f814w_idm104,hst_17165_12_wfc3_uvis_f814w_ieyq12,HST,HST,F814W,F814W,WFC3/UVIS,WFC3/UVIS,1692.0842953600004,exact,1.0,1.4000000000000001,True,2.2614339290660594
MESSIER 077::hst_15151_04_wfc3_uvis_f555w_idm104::hst_17165_12_wfc3_uvis_f555w_ieyq12,MESSIER 077,6,26676050,212511315,hst_15151_04_wfc3_uvis_f555w_idm104,hst_17165_12_wfc3_uvis_f555w_ieyq12,HST,HST,F555W,F555W,WFC3/UVIS,WFC3/UVIS,1692.034862759996,exact,1.0,1.4000000000000001,True,2.261433295056906
MESSIER 077::hst_15151_04_wfc3_uvis_f555w_idm104::hst_17165_11_wfc3_uvis_f555w_ieyq11,MESSIER 077,6,26676050,211962035,hst_15151_04_wfc3_uvis_f555w_idm104,hst_17165_11_wfc3_uvis_f555w_ieyq11,HST,HST,F555W,F555W,WFC3/UVIS,WFC3/UVIS,1684.981205349999,exact,1.0,1.4000000000000001,True,2.261342636448651
NGC 1097::hst_15654_05_wfc3_uvis_f555w_idxr05::hst_skycell-p0644x09y10_wfc3_uvis_f555w_all,NGC 1097,3,26688978,87600238,hst_15654_05_wfc3_uvis_f555w_idxr05,hst_skycell-p0644x09y10_wfc3_uvis_f555w_all,HST,HST,F555W,F555W,WFC3/UVIS,WFC3/UVIS,1590.6974291599981,exact,1.0,1.4000000000000001,True,2.2600930257412197
NGC 1097::hst_15654_05_wfc3_uvis_f275w_idxr05::hst_17506_35_wfc3_uvis_f275w_if8c35,NGC 1097,3,26700294,216829936,hst_15654_05_wfc3_uvis_f275w_idxr05,hst_17506_35_wfc3_uvis_f275w_if8c35,HST,HST,F275W,F275W,WFC3/UVIS,WFC3/UVIS,1590.6230076799984,exact,1.0,1.4000000000000001,True,2.2600920104228206
NGC 3147::hst_15145_32_wfc3_uvis_f555w_idgg32::hst_16691_22_wfc3_uvis_f555w_ierg22,NGC 3147,4,26668462,71252104,hst_15145_32_wfc3_uvis_f555w_idgg32,hst_16691_22_wfc3_uvis_f555w_ierg22,HST,HST,F555W,F555W,WFC3/UVIS,WFC3/UVIS,1516.6837303499997,exact,1.0,1.4000000000000001,True,2.2590590639246666
NGC 5861::hst_15145_74_wfc3_ir_f160w_idgg74::hst_16250_14_wfc3_ir_f160w_iebs14,NGC 5861,120,26667217,71739676,hst_15145_74_wfc3_ir_f160w_idgg74,hst_16250_14_wfc3_ir_f160w_iebs14,HST,HST,F160W,F160W,WFC3/IR,WFC3/IR,1494.5039734999955,exact,1.0,1.4000000000000001,True,2.2587393785636807
NGC 5861::hst_15145_78_wfc3_ir_f160w_idgg78::hst_16250_14_wfc3_ir_f160w_iebs14,NGC 5861,120,26692278,71739676,hst_15145_78_wfc3_ir_f160w_idgg78,hst_16250_14_wfc3_ir_f160w_iebs14,HST,HST,F160W,F160W,WFC3/IR,WFC3/IR,1456.6248059200007,exact,1.0,1.4000000000000001,True,2.258182287526675
NGC 4536::hst_13691_23_acs_wfc_f814w_jcnw23::hst_15654_30_acs_wfc_f814w_jdxr30,NGC 4536,102,26470186,26493840,hst_13691_23_acs_wfc_f814w_jcnw23,hst_15654_30_acs_wfc_f814w_jdxr30,HST,HST,F814W,F814W,ACS/WFC,ACS/WFC,1453.9718394600059,exact,1.0,1.4000000000000001,True,2.258142729388245
NGC 3147::hst_15145_3a_wfc3_uvis_f555w_idgg3a::hst_16691_22_wfc3_uvis_f555w_ierg22,NGC 3147,4,26668583,71252104,hst_15145_3a_wfc3_uvis_f555w_idgg3a,hst_16691_22_wfc3_uvis_f555w_ierg22,HST,HST,F555W,F555W,WFC3/UVIS,WFC3/UVIS,1379.49833391,exact,1.0,1.4000000000000001,True,2.2570017943418055
NGC 5861::hst_15145_7b_wfc3_ir_f160w_idgg7b::hst_16250_14_wfc3_ir_f160w_iebs14,NGC 5861,120,26667294,71739676,hst_15145_7b_wfc3_ir_f160w_idgg7b,hst_16250_14_wfc3_ir_f160w_iebs14,HST,HST,F160W,F160W,WFC3/IR,WFC3/IR,1367.631111249997,exact,1.0,1.4000000000000001,True,2.2568143204002378
MESSIER 066::hst_10433_01_acs_wfc_f814w_j95o01::hst_11575_01_acs_wfc_f814w_jb4u01,MESSIER 066,30,26425073,26415654,hst_10433_01_acs_wfc_f814w_j95o01,hst_11575_01_acs_wfc_f814w_jb4u01,HST,HST,F814W,F814W,ACS/WFC,ACS/WFC,1342.1260296399996,exact,1.0,1.4000000000000001,True,2.2564058382882832
NGC 7331::hst_15166_03_wfc3_uvis_f336w_idi103::hst_16179_32_wfc3_uvis_f336w_ieb332,NGC 7331,9,26670660,62300839,hst_15166_03_wfc3_uvis_f336w_idi103,hst_16179_32_wfc3_uvis_f336w_ieb332,HST,HST,F336W,F336W,WFC3/UVIS,WFC3/UVIS,1314.168088190003,exact,1.0,1.4000000000000001,True,2.2559490631206898
NGC 5861::hst_15145_74_wfc3_ir_f160w_idgg74::hst_16250_12_wfc3_ir_f160w_iebs12,NGC 5861,120,26667217,60942709,hst_15145_74_wfc3_ir_f160w_idgg74,hst_16250_12_wfc3_ir_f160w_iebs12,HST,HST,F160W,F160W,WFC3/IR,WFC3/IR,1217.9755557399985,exact,1.0,1.4000000000000001,True,2.2542997498373722
NGC 5861::hst_15145_78_wfc3_ir_f160w_idgg78::hst_16250_12_wfc3_ir_f160w_iebs12,NGC 5861,120,26692278,60942709,hst_15145_78_wfc3_ir_f160w_idgg78,hst_16250_12_wfc3_ir_f160w_iebs12,HST,HST,F160W,F160W,WFC3/IR,WFC3/IR,1180.0963881600037,exact,1.0,1.4000000000000001,True,2.2536142670711015
NGC 5861::hst_15145_7e_wfc3_ir_f160w_idgg7e::hst_16250_14_wfc3_ir_f160w_iebs14,NGC 5861,120,26312022,71739676,hst_15145_7e_wfc3_ir_f160w_idgg7e,hst_16250_14_wfc3_ir_f160w_iebs14,HST,HST,F160W,F160W,WFC3/IR,WFC3/IR,1149.2585009699978,exact,1.0,1.4000000000000001,True,2.2530397725798115
NGC 5861::hst_15145_7f_wfc3_ir_f160w_idgg7f::hst_16250_14_wfc3_ir_f160w_iebs14,NGC 5861,120,26667351,71739676,hst_15145_7f_wfc3_ir_f160w_idgg7f,hst_16250_14_wfc3_ir_f160w_iebs14,HST,HST,F160W,F160W,WFC3/IR,WFC3/IR,1117.4698542999977,exact,1.0,1.4000000000000001,True,2.252431214160676
NGC 5861::hst_15145_74_wfc3_ir_f160w_idgg74::hst_16250_11_wfc3_ir_f160w_iebs11,NGC 5861,120,26667217,26718149,hst_15145_74_wfc3_ir_f160w_idgg74,hst_16250_11_wfc3_ir_f160w_iebs11,HST,HST,F160W,F160W,WFC3/IR,WFC3/IR,1111.0728574499954,exact,1.0,1.4000000000000001,True,2.2523066620489915
NGC 2207::hst_13029_10_wfc3_uvis_f814w_ibyb10::hst_13787_05_wfc3_uvis_f814w_ickj05,NGC 2207,88,26574695,26614793,hst_13029_10_wfc3_uvis_f814w_ibyb10,hst_13787_05_wfc3_uvis_f814w_ickj05,HST,HST,F814W,F814W,WFC3/UVIS,WFC3/UVIS,890.8225243699999,exact,1.0,1.4000000000000001,True,2.2475139218468594
NGC 6744::hst_12546_1g_acs_wfc_f814w_jbt11g::hst_skycell-p0137x09y20_acs_wfc_f814w_all,NGC 6744,93,26446034,83220218,hst_12546_1g_acs_wfc_f814w_jbt11g,hst_skycell-p0137x09y20_acs_wfc_f814w_all,HST,HST,F814W,F814W,ACS/WFC,ACS/WFC,761.8840017599941,exact,1.0,1.4000000000000001,True,2.2441229253757684
NGC 1964::hst_16234_75_wfc3_ir_g141_ieel75ch::hst_17000_05_wfc3_ir_g141_iev205fl,NGC 1964,129,71583913,112511016,hst_16234_75_wfc3_ir_g141_ieel75ch,hst_17000_05_wfc3_ir_g141_iev205fl,HST,HST,G141,G141,WFC3/IR,WFC3/IR,643.3313464599996,exact,1.0,1.4000000000000001,True,2.24045546300558
NGC 1964::hst_16234_76_wfc3_ir_g141_ieel76gt::hst_17000_05_wfc3_ir_g141_iev205fl,NGC 1964,129,71583922,112511016,hst_16234_76_wfc3_ir_g141_ieel76gt,hst_17000_05_wfc3_ir_g141_iev205fl,HST,HST,G141,G141,WFC3/IR,WFC3/IR,638.3004320100008,exact,1.0,1.4000000000000001,True,2.240285249895516
NGC 4414::hst_17191_01_wfc3_uvis_f555w_iex601::hst_17413_31_wfc3_uvis_f555w_if8731,NGC 4414,46,100097798,215035418,hst_17191_01_wfc3_uvis_f555w_iex601,hst_17413_31_wfc3_uvis_f555w_if8731,HST,HST,F555W,F555W,WFC3/UVIS,WFC3/UVIS,564.6631680299979,exact,1.0,1.4000000000000001,True,2.2376278950743647
NGC 5427::hst_17191_13_wfc3_uvis_f555w_iex613::hst_17413_41_wfc3_uvis_f555w_if8741,NGC 5427,45,151451720,250801709,hst_17191_13_wfc3_uvis_f555w_iex613,hst_17413_41_wfc3_uvis_f555w_if8741,HST,HST,F555W,F555W,WFC3/UVIS,WFC3/UVIS,536.74875703,exact,1.0,1.4000000000000001,True,2.2365289707609124
NGC 5012::hst_16239_06_wfc3_uvis_f814w_ieec06::hst_16683_53_wfc3_uvis_f814w_ien653,NGC 5012,77,60633224,87828013,hst_16239_06_wfc3_uvis_f814w_ieec06,hst_16683_53_wfc3_uvis_f814w_ien653,HST,HST,F814W,F814W,WFC3/UVIS,WFC3/UVIS,491.8455652400007,exact,1.0,1.4000000000000001,True,2.234635542650341
NGC 1964::hst_16234_75_wfc3_ir_f160w_ieel75::hst_16885_02_wfc3_ir_f160w_iesl02,NGC 1964,129,60772657,90604231,hst_16234_75_wfc3_ir_f160w_ieel75,hst_16885_02_wfc3_ir_f160w_iesl02,HST,HST,F160W,F160W,WFC3/IR,WFC3/IR,489.67657237000094,exact,1.0,1.4000000000000001,True,2.234539766142033
NGC 1964::hst_16234_75_wfc3_ir_g141_ieel75ch::hst_16885_02_wfc3_ir_g141_iesl02h0,NGC 1964,129,71583913,90604176,hst_16234_75_wfc3_ir_g141_ieel75ch,hst_16885_02_wfc3_ir_g141_iesl02h0,HST,HST,G141,G141,WFC3/IR,WFC3/IR,489.66436163999606,exact,1.0,1.4000000000000001,True,2.234539225753624
NGC 1964::hst_16234_76_wfc3_ir_g141_ieel76gt::hst_16885_02_wfc3_ir_g141_iesl02h0,NGC 1964,129,71583922,90604176,hst_16234_76_wfc3_ir_g141_ieel76gt,hst_16885_02_wfc3_ir_g141_iesl02h0,HST,HST,G141,G141,WFC3/IR,WFC3/IR,484.63344718999724,exact,1.0,1.4000000000000001,True,2.234315429520104
NGC 5012::hst_16239_06_wfc3_uvis_f814w_ieec06::hst_16683_03_wfc3_uvis_f814w_ien603,NGC 5012,77,60633224,87461939,hst_16239_06_wfc3_uvis_f814w_ieec06,hst_16683_03_wfc3_uvis_f814w_ien603,HST,HST,F814W,F814W,WFC3/UVIS,WFC3/UVIS,444.78990471,exact,1.0,1.4000000000000001,True,2.2324565114644583
NGC 3256::hst_9300_01_acs_hrc_f330w_j8ec01::hst_9735_20_acs_hrc_f330w_j8st20,NGC 3256,1,26325402,26363128,hst_9300_01_acs_hrc_f330w_j8ec01,hst_9735_20_acs_hrc_f330w_j8st20,HST,HST,F330W,F330W,ACS/HRC,ACS/HRC,432.53758962999564,exact,1.0,1.4000000000000001,True,2.2318513379350335
NGC 4414::hst_17191_01_wfc3_uvis_f555w_iex601::hst_17413_30_wfc3_uvis_f555w_if8730,NGC 4414,46,100097798,201407166,hst_17191_01_wfc3_uvis_f555w_iex601,hst_17413_30_wfc3_uvis_f555w_if8730,HST,HST,F555W,F555W,WFC3/UVIS,WFC3/UVIS,429.829944279998,exact,1.0,1.4000000000000001,True,2.2317152940376603
NGC 4102::hst_17580_01_wfc3_uvis_f502n_if7601::hst_17580_05_wfc3_uvis_f502n_if7605,NGC 4102,112,233640492,370135109,hst_17580_01_wfc3_uvis_f502n_if7601,hst_17580_05_wfc3_uvis_f502n_if7605,HST,HST,F502N,F502N,WFC3/UVIS,WFC3/UVIS,381.2236591499968,exact,1.0,1.4000000000000001,True,2.229115878290879
NGC 5427::hst_17413_39_wfc3_uvis_f555w_if8739::hst_17413_41_wfc3_uvis_f555w_if8741,NGC 5427,45,198802811,250801709,hst_17413_39_wfc3_uvis_f555w_if8739,hst_17413_41_wfc3_uvis_f555w_if8741,HST,HST,F555W,F555W,WFC3/UVIS,WFC3/UVIS,378.53027979000035,exact,1.0,1.4000000000000001,True,2.228962321530826
NGC 4414::hst_17191_28_wfc3_uvis_f555w_iex628::hst_17413_31_wfc3_uvis_f555w_if8731,NGC 4414,46,136662294,215035418,hst_17191_28_wfc3_uvis_f555w_iex628,hst_17413_31_wfc3_uvis_f555w_if8731,HST,HST,F555W,F555W,WFC3/UVIS,WFC3/UVIS,374.91621707000013,exact,1.0,1.4000000000000001,True,2.2287545530816595
NGC 4535::hst_17126_20_wfc3_uvis_f657n_if0420::hst_17457_20_wfc3_uvis_f657n_if8k20,NGC 4535,80,198782984,233336808,hst_17126_20_wfc3_uvis_f657n_if0420,hst_17457_20_wfc3_uvis_f657n_if8k20,HST,HST,F657N,F657N,WFC3/UVIS,WFC3/UVIS,356.01927275000344,exact,1.0,1.4000000000000001,True,2.2276345830497353
NGC 1964::hst_16885_01_wfc3_ir_g141_iesl01os::hst_17000_05_wfc3_ir_g141_iev205fl,NGC 1964,129,71672402,112511016,hst_16885_01_wfc3_ir_g141_iesl01os,hst_17000_05_wfc3_ir_g141_iev205fl,HST,HST,G141,G141,WFC3/IR,WFC3/IR,350.0749544499995,exact,1.0,1.4000000000000001,True,2.227269992408594
NGC 5427::hst_17413_60_wfc3_uvis_f555w_if8760::hst_17413_41_wfc3_uvis_f555w_if8741,NGC 5427,45,210079784,250801709,hst_17413_60_wfc3_uvis_f555w_if8760,hst_17413_41_wfc3_uvis_f555w_if8741,HST,HST,F555W,F555W,WFC3/UVIS,WFC3/UVIS,329.41007021000405,exact,1.0,1.4000000000000001,True,2.225952663762016
NGC 1964::hst_17191_10_wfc3_uvis_f555w_iex610::hst_17413_37_wfc3_uvis_f555w_if8737,NGC 1964,129,131109069,212561880,hst_17191_10_wfc3_uvis_f555w_iex610,hst_17413_37_wfc3_uvis_f555w_if8737,HST,HST,F555W,F555W,WFC3/UVIS,WFC3/UVIS,301.4672554600038,exact,1.0,1.4000000000000001,True,2.2240339182811995
NGC 1964::hst_16234_75_wfc3_ir_g141_ieel75ch::hst_16885_01_wfc3_ir_g141_iesl01os,NGC 1964,129,71583913,71672402,hst_16234_75_wfc3_ir_g141_ieel75ch,hst_16885_01_wfc3_ir_g141_iesl01os,HST,HST,G141,G141,WFC3/IR,WFC3/IR,293.2563920100001,exact,1.0,1.4000000000000001,True,2.223436295280875
NGC 5427::hst_17191_13_wfc3_uvis_f555w_iex613::hst_17413_60_wfc3_uvis_f555w_if8760,NGC 5427,45,151451720,210079784,hst_17191_13_wfc3_uvis_f555w_iex613,hst_17413_60_wfc3_uvis_f555w_if8760,HST,HST,F555W,F555W,WFC3/UVIS,WFC3/UVIS,207.33868681999593,exact,1.0,1.4000000000000001,True,2.2159384961215833
MESSIER 063::hst_10402_18_acs_wfc_f435w_j96r18::hst_10579_09_acs_wfc_f435w_j9h809,MESSIER 063,62,26424807,26305351,hst_10402_18_acs_wfc_f435w_j96r18,hst_10579_09_acs_wfc_f435w_j9h809,HST,HST,F435W,F435W,ACS/WFC,ACS/WFC,186.8931176699989,exact,1.0,1.4000000000000001,True,2.213695543631774
NGC 6907::hst_16287_cs_wfc3_uvis_f275w_iebjcs::hst_16287_35_wfc3_uvis_f275w_iebj35,NGC 6907,8,26714992,60923488,hst_16287_cs_wfc3_uvis_f275w_iebjcs,hst_16287_35_wfc3_uvis_f275w_iebj35,HST,HST,F275W,F275W,WFC3/UVIS,WFC3/UVIS,184.81170527999348,exact,1.0,1.4000000000000001,True,2.2134536534533837
NGC 5427::hst_17191_13_wfc3_uvis_f555w_iex613::hst_17413_39_wfc3_uvis_f555w_if8739,NGC 5427,45,151451720,198802811,hst_17191_13_wfc3_uvis_f555w_iex613,hst_17413_39_wfc3_uvis_f555w_if8739,HST,HST,F555W,F555W,WFC3/UVIS,WFC3/UVIS,158.21847723999963,exact,1.0,1.4000000000000001,True,2.2100996733012797
NGC 4536::hst_17502_76_wfc3_uvis_f657n_ifab76::hst_17502_77_wfc3_uvis_f657n_ifab77,NGC 4536,102,198770078,212762808,hst_17502_76_wfc3_uvis_f657n_ifab76,hst_17502_77_wfc3_uvis_f657n_ifab77,HST,HST,F657N,F657N,WFC3/UVIS,WFC3/UVIS,101.72061644000496,exact,1.0,1.4000000000000001,True,2.200582880849561
NGC 7541::hst_15145_91_wfc3_uvis_f814w_idgg91::hst_15145_9b_wfc3_uvis_f814w_idgg9b,NGC 7541,14,26668103,26667662,hst_15145_91_wfc3_uvis_f814w_idgg91,hst_15145_9b_wfc3_uvis_f814w_idgg9b,HST,HST,F814W,F814W,WFC3/UVIS,WFC3/UVIS,100.0617968699953,exact,1.0,1.4000000000000001,True,2.200229350784457
NGC 5012::hst_16497_07_wfc3_ir_f160w_ieje07::hst_16497_08_wfc3_ir_f160w_ieje08,NGC 5012,77,60749765,62194483,hst_16497_07_wfc3_ir_f160w_ieje07,hst_16497_08_wfc3_ir_f160w_ieje08,HST,HST,F160W,F160W,WFC3/IR,WFC3/IR,100.00952346999838,exact,1.0,1.4000000000000001,True,2.2002181161126404
NGC 0613::hst_15133_02_wfc3_ir_f160w_idkv02::hst_15133_56_wfc3_ir_f160w_idkv56,NGC 0613,19,26674627,26697712,hst_15133_02_wfc3_ir_f160w_idkv02,hst_15133_56_wfc3_ir_f160w_idkv56,HST,HST,F160W,F160W,WFC3/IR,WFC3/IR,93.23174999999901,exact,1.0,1.3961295884867089,True,2.194839451315612
NGC 3583::hst_15145_41_wfc3_uvis_f350lp_idgg41::hst_15145_4b_wfc3_uvis_f350lp_idgg4b,NGC 3583,114,26668334,26667896,hst_15145_41_wfc3_uvis_f350lp_idgg41,hst_15145_4b_wfc3_uvis_f350lp_idgg4b,HST,HST,F350LP,F350LP,WFC3/UVIS,WFC3/UVIS,89.00800021000032,exact,1.0,1.3931421669036361,True,2.1908562225381814
NGC 7541::hst_15145_92_wfc3_uvis_f555w_idgg92::hst_15145_9a_wfc3_uvis_f555w_idgg9a,NGC 7541,14,26667734,26667209,hst_15145_92_wfc3_uvis_f555w_idgg92,hst_15145_9a_wfc3_uvis_f555w_idgg9a,HST,HST,F555W,F555W,WFC3/UVIS,WFC3/UVIS,85.57356720999815,exact,1.0,1.3906077969080028,True,2.187477062544004
NGC 7541::hst_15145_93_wfc3_uvis_f814w_idgg93::hst_15145_9b_wfc3_uvis_f814w_idgg9b,NGC 7541,14,26668432,26667662,hst_15145_93_wfc3_uvis_f814w_idgg93,hst_15145_9b_wfc3_uvis_f814w_idgg9b,HST,HST,F814W,F814W,WFC3/UVIS,WFC3/UVIS,81.0547589899943,exact,1.0,1.3871155661322385,True,2.182820754842985
NGC 3583::hst_15145_41_wfc3_uvis_f350lp_idgg41::hst_15145_4a_wfc3_uvis_f350lp_idgg4a,NGC 3583,114,26668334,26667168,hst_15145_41_wfc3_uvis_f350lp_idgg41,hst_15145_4a_wfc3_uvis_f350lp_idgg4a,HST,HST,F350LP,F350LP,WFC3/UVIS,WFC3/UVIS,78.82371799000248,exact,1.0,1.3853197928411864,True,2.1804263904549153
NGC 7541::hst_15145_92_wfc3_uvis_f555w_idgg92::hst_15145_99_wfc3_uvis_f555w_idgg99,NGC 7541,14,26667734,26669536,hst_15145_92_wfc3_uvis_f555w_idgg92,hst_15145_99_wfc3_uvis_f555w_idgg99,HST,HST,F555W,F555W,WFC3/UVIS,WFC3/UVIS,78.42165757999464,exact,1.0,1.3849908420232557,True,2.179987789364341
NGC 3583::hst_15145_42_wfc3_uvis_f350lp_idgg42::hst_15145_4b_wfc3_uvis_f350lp_idgg4b,NGC 3583,114,26668219,26667896,hst_15145_42_wfc3_uvis_f350lp_idgg42,hst_15145_4b_wfc3_uvis_f350lp_idgg4b,HST,HST,F350LP,F350LP,WFC3/UVIS,WFC3/UVIS,77.75540761999582,exact,1.0,1.3844420575480925,True,2.1792560767307902
NGC 7541::hst_15145_94_wfc3_uvis_f350lp_idgg94::hst_15145_9b_wfc3_uvis_f350lp_idgg9b,NGC 7541,14,26667270,26667653,hst_15145_94_wfc3_uvis_f350lp_idgg94,hst_15145_9b_wfc3_uvis_f350lp_idgg9b,HST,HST,F350LP,F350LP,WFC3/UVIS,WFC3/UVIS,72.11480529000255,exact,1.0,1.3796007991661916,True,2.172801065554922
NGC 3583::hst_15145_42_wfc3_uvis_f350lp_idgg42::hst_15145_4a_wfc3_uvis_f350lp_idgg4a,NGC 3583,114,26668219,26667168,hst_15145_42_wfc3_uvis_f350lp_idgg42,hst_15145_4a_wfc3_uvis_f350lp_idgg4a,HST,HST,F350LP,F350LP,WFC3/UVIS,WFC3/UVIS,67.57112539999798,exact,1.0,1.3754211915848893,True,2.167228255446519
NGC 3583::hst_15145_43_wfc3_uvis_f350lp_idgg43::hst_15145_4b_wfc3_uvis_f350lp_idgg4b,NGC 3583,114,26668258,26667896,hst_15145_43_wfc3_uvis_f350lp_idgg43,hst_15145_4b_wfc3_uvis_f350lp_idgg4b,HST,HST,F350LP,F350LP,WFC3/UVIS,WFC3/UVIS,66.23809194999922,exact,1.0,1.3741423071115815,True,2.1655230761487756
NGC 7541::hst_15145_94_wfc3_uvis_f555w_idgg94::hst_15145_9a_wfc3_uvis_f555w_idgg9a,NGC 7541,14,26667286,26667209,hst_15145_94_wfc3_uvis_f555w_idgg94,hst_15145_9a_wfc3_uvis_f555w_idgg9a,HST,HST,F555W,F555W,WFC3/UVIS,WFC3/UVIS,65.03021006999916,exact,1.0,1.3729614018424199,True,2.1639485357898933
NGC 7541::hst_15145_95_wfc3_uvis_f350lp_idgg95::hst_15145_9b_wfc3_uvis_f350lp_idgg9b,NGC 7541,14,26667981,26667653,hst_15145_95_wfc3_uvis_f350lp_idgg95,hst_15145_9b_wfc3_uvis_f350lp_idgg9b,HST,HST,F350LP,F350LP,WFC3/UVIS,WFC3/UVIS,63.42698121000285,exact,1.0,1.371360167378766,True,2.1618135565050216
NGC 7541::hst_15145_91_wfc3_uvis_f814w_idgg91::hst_15145_97_wfc3_uvis_f814w_idgg97,NGC 7541,14,26668103,26667394,hst_15145_91_wfc3_uvis_f814w_idgg91,hst_15145_97_wfc3_uvis_f814w_idgg97,HST,HST,F814W,F814W,WFC3/UVIS,WFC3/UVIS,60.86042982000072,exact,1.0,1.368711939987819,True,2.1582825866504254
NGC 3256::hst_15083_06_wfc3_uvis_f336w_idle06::hst_15472_04_wfc3_uvis_f336w_idsy04,NGC 3256,1,26675551,26684797,hst_15083_06_wfc3_uvis_f336w_idle06,hst_15472_04_wfc3_uvis_f336w_idsy04,HST,HST,F336W,F336W,WFC3/UVIS,WFC3/UVIS,60.189295609998226,exact,1.0,1.36800131806664,True,2.1573350907555198
NGC 3583::hst_15145_42_wfc3_uvis_f555w_idgg42::hst_15145_49_wfc3_uvis_f555w_idgg49,NGC 3583,114,26668230,26668352,hst_15145_42_wfc3_uvis_f555w_idgg42,hst_15145_49_wfc3_uvis_f555w_idgg49,HST,HST,F555W,F555W,WFC3/UVIS,WFC3/UVIS,57.67400641999848,exact,1.0,1.3652668616047645,True,2.153689148806353
NGC 3583::hst_15145_43_wfc3_uvis_f350lp_idgg43::hst_15145_4a_wfc3_uvis_f350lp_idgg4a,NGC 3583,114,26668258,26667168,hst_15145_43_wfc3_uvis_f350lp_idgg43,hst_15145_4a_wfc3_uvis_f350lp_idgg4a,HST,HST,F350LP,F350LP,WFC3/UVIS,WFC3/UVIS,56.053809730001376,exact,1.0,1.3634426974169265,True,2.1512569298892354
NGC 3583::hst_15145_45_wfc3_uvis_f350lp_idgg45::hst_15145_4b_wfc3_uvis_f350lp_idgg4b,NGC 3583,114,26668474,26667896,hst_15145_45_wfc3_uvis_f350lp_idgg45,hst_15145_4b_wfc3_uvis_f350lp_idgg4b,HST,HST,F350LP,F350LP,WFC3/UVIS,WFC3/UVIS,52.56436491000204,exact,1.0,1.3593313940049767,True,2.145775192006636
NGC 5427::hst_17413_39_wfc3_uvis_f555w_if8739::hst_17413_60_wfc3_uvis_f555w_if8760,NGC 5427,45,198802811,210079784,hst_17413_39_wfc3_uvis_f555w_if8739,hst_17413_60_wfc3_uvis_f555w_if8760,HST,HST,F555W,F555W,WFC3/UVIS,WFC3/UVIS,49.1202095799963,exact,1.0,1.3550019317522843,True,2.1400025756697127
NGC 5012::hst_16683_03_wfc3_uvis_f814w_ien603::hst_16683_53_wfc3_uvis_f814w_ien653,NGC 5012,77,87461939,87828013,hst_16683_03_wfc3_uvis_f814w_ien603,hst_16683_53_wfc3_uvis_f814w_ien653,HST,HST,F814W,F814W,WFC3/UVIS,WFC3/UVIS,47.05566053000075,exact,1.0,1.3522616826575624,True,2.136348910210083
NGC 3079::hst_15645_30_acs_wfc_f814w_jdxk30::hst_15645_31_acs_wfc_f814w_jdxk31,NGC 3079,75,26307856,26493198,hst_15645_30_acs_wfc_f814w_jdxk30,hst_15645_31_acs_wfc_f814w_jdxk31,HST,HST,F814W,F814W,ACS/WFC,ACS/WFC,41.148820090005756,exact,1.0,1.343717813229979,True,2.1249570843066388
IC 2163::hst_13787_04_wfc3_uvis_f665n_ickj04::hst_skycell-p0818x12y14_wfc3_uvis_f625w_all,IC 2163,104,26614022,83224236,hst_13787_04_wfc3_uvis_f665n_ickj04,hst_skycell-p0818x12y14_wfc3_uvis_f625w_all,HST,HST,F665N,F625W,WFC3/UVIS,WFC3/UVIS,3498.4323600699936,very_similar,0.85,1.25,True,2.027199880176337
NGC 2207::hst_skycell-p0818x12y14_wfc3_uvis_f665n_all::hst_17731_15_wfc3_uvis_f625w_ifgl15,NGC 2207,88,89630040,233453286,hst_skycell-p0818x12y14_wfc3_uvis_f665n_all,hst_17731_15_wfc3_uvis_f625w_ifgl15,HST,HST,F665N,F625W,WFC3/UVIS,WFC3/UVIS,3498.4323600699936,very_similar,0.85,1.25,True,2.027199880176337
IC 2163::hst_13787_05_wfc3_uvis_f555w_ickj05::hst_skycell-p0818x12y14_wfc3_uvis_f475w_all,IC 2163,104,26614807,233636196,hst_13787_05_wfc3_uvis_f555w_ickj05,hst_skycell-p0818x12y14_wfc3_uvis_f475w_all,HST,HST,F555W,F475W,WFC3/UVIS,WFC3/UVIS,3498.3060522899978,very_similar,0.85,1.25,True,2.0271990963954805
NGC 2207::hst_13787_05_wfc3_uvis_f555w_ickj05::hst_skycell-p0818x12y14_wfc3_uvis_f475w_all,NGC 2207,88,26614807,233636196,hst_13787_05_wfc3_uvis_f555w_ickj05,hst_skycell-p0818x12y14_wfc3_uvis_f475w_all,HST,HST,F555W,F475W,WFC3/UVIS,WFC3/UVIS,3498.3060522899978,very_similar,0.85,1.25,True,2.0271990963954805
IC 2163::hst_13787_05_wfc3_uvis_f555w_ickj05::hst_skycell-p0818x12y14_wfc3_uvis_f625w_all,IC 2163,104,26614807,83224236,hst_13787_05_wfc3_uvis_f555w_ickj05,hst_skycell-p0818x12y14_wfc3_uvis_f625w_all,HST,HST,F555W,F625W,WFC3/UVIS,WFC3/UVIS,3498.299709699997,very_similar,0.85,1.25,True,2.027199057036901
NGC 2207::hst_13787_05_wfc3_uvis_f555w_ickj05::hst_17731_15_wfc3_uvis_f625w_ifgl15,NGC 2207,88,26614807,233453286,hst_13787_05_wfc3_uvis_f555w_ickj05,hst_17731_15_wfc3_uvis_f625w_ifgl15,HST,HST,F555W,F625W,WFC3/UVIS,WFC3/UVIS,3498.299709699997,very_similar,0.85,1.25,True,2.027199057036901
NGC 7331::hst_skycell-p2081x17y13_wfc3_uvis_f475x_all::hst_17506_25_wfc3_uvis_f555w_if8c25,NGC 7331,9,83202819,201411183,hst_skycell-p2081x17y13_wfc3_uvis_f475x_all,hst_17506_25_wfc3_uvis_f555w_if8c25,HST,HST,F475X,F555W,WFC3/UVIS,WFC3/UVIS,2550.084827880004,very_similar,0.85,1.25,True,2.0203362449937528
NGC 7331::hst_14762_57_wfc3_uvis_f300x_id7r57::hst_17506_25_wfc3_uvis_f275w_if8c25,NGC 7331,9,26659524,201415140,hst_14762_57_wfc3_uvis_f300x_id7r57,hst_17506_25_wfc3_uvis_f275w_if8c25,HST,HST,F300X,F275W,WFC3/UVIS,WFC3/UVIS,2550.084110099997,very_similar,0.85,1.25,True,2.0203362388840396
NGC 7331::hst_15166_03_wfc3_uvis_f336w_idi103::hst_17506_25_wfc3_uvis_f275w_if8c25,NGC 7331,9,26670660,201415140,hst_15166_03_wfc3_uvis_f336w_idi103,hst_17506_25_wfc3_uvis_f275w_if8c25,HST,HST,F336W,F275W,WFC3/UVIS,WFC3/UVIS,2183.9058826399996,very_similar,0.85,1.25,True,2.016971636698493
NGC 4038::hst_10188_10_acs_wfc_f435w_j91k10::hst_skycell-p0923x09y07_acs_wfc_f502n_all,NGC 4038,5,26378939,83230026,hst_10188_10_acs_wfc_f435w_j91k10,hst_skycell-p0923x09y07_acs_wfc_f502n_all,HST,HST,F435W,F502N,ACS/WFC,ACS/WFC,2011.534596110003,very_similar,0.85,1.25,True,2.01518716773822
NGC 4039::hst_10188_10_acs_wfc_f435w_j91k10::hst_11577_20_acs_wfc_f502n_jb5u20,NGC 4039,7,26378939,26416878,hst_10188_10_acs_wfc_f435w_j91k10,hst_11577_20_acs_wfc_f502n_jb5u20,HST,HST,F435W,F502N,ACS/WFC,ACS/WFC,2011.534596110003,very_similar,0.85,1.25,True,2.01518716773822
NGC 6744::hst_13364_0e_wfc3_uvis_f336w_icdm0e::hst_15654_41_wfc3_uvis_f275w_idxr41,NGC 6744,93,26606971,26690299,hst_13364_0e_wfc3_uvis_f336w_icdm0e,hst_15654_41_wfc3_uvis_f275w_idxr41,HST,HST,F336W,F275W,WFC3/UVIS,WFC3/UVIS,1735.8157550899996,very_similar,0.85,1.25,True,2.011987687502904
NGC 7331::hst_14762_57_wfc3_uvis_f300x_id7r57::hst_16179_32_wfc3_uvis_f336w_ieb332,NGC 7331,9,26659524,62300839,hst_14762_57_wfc3_uvis_f300x_id7r57,hst_16179_32_wfc3_uvis_f336w_ieb332,HST,HST,F300X,F336W,WFC3/UVIS,WFC3/UVIS,1680.3463156500002,very_similar,0.85,1.25,True,2.0112828588273897
NGC 3318::hst_16239_56_wfc3_uvis_f555w_ieec56::hst_17731_10_wfc3_uvis_f475w_ifgl10,NGC 3318,65,60633109,300682700,hst_16239_56_wfc3_uvis_f555w_ieec56,hst_17731_10_wfc3_uvis_f475w_ifgl10,HST,HST,F555W,F475W,WFC3/UVIS,WFC3/UVIS,1585.6331852500007,very_similar,0.85,1.25,True,2.0100238266768926
NGC 3318::hst_16239_56_wfc3_uvis_f555w_ieec56::hst_17731_10_wfc3_uvis_f625w_ifgl10,NGC 3318,65,60633109,300682701,hst_16239_56_wfc3_uvis_f555w_ieec56,hst_17731_10_wfc3_uvis_f625w_ifgl10,HST,HST,F555W,F625W,WFC3/UVIS,WFC3/UVIS,1585.62684266,very_similar,0.85,1.25,True,2.0100237398717833
NGC 5427::hst_16246_07_wfc3_uvis_f547m_iebn07::hst_17413_41_wfc3_uvis_f555w_if8741,NGC 5427,45,26312596,250801709,hst_16246_07_wfc3_uvis_f547m_iebn07,hst_17413_41_wfc3_uvis_f555w_if8741,HST,HST,F547M,F555W,WFC3/UVIS,WFC3/UVIS,1471.1530626099993,very_similar,0.85,1.25,True,2.0083976483394443
NGC 3256::hst_13333_02_wfc3_uvis_f467m_icah02::hst_15083_06_wfc3_uvis_f438w_idle06,NGC 3256,1,26599100,26675556,hst_13333_02_wfc3_uvis_f467m_icah02,hst_15083_06_wfc3_uvis_f438w_idle06,HST,HST,F467M,F438W,WFC3/UVIS,WFC3/UVIS,1466.5651696700006,very_similar,0.85,1.25,True,2.0083298697958
NGC 6744::hst_13364_0e_wfc3_uvis_f438w_icdm0e::hst_15133_27_wfc3_uvis_f475w_idkv27,NGC 6744,93,26606959,26699032,hst_13364_0e_wfc3_uvis_f438w_icdm0e,hst_15133_27_wfc3_uvis_f475w_idkv27,HST,HST,F438W,F475W,WFC3/UVIS,WFC3/UVIS,1203.2162264999934,very_similar,0.85,1.25,True,2.0040352237457792
IC 2163::hst_skycell-p0818x12y14_wfc3_uvis_f555w_all::hst_skycell-p0818x12y14_wfc3_uvis_f475w_all,IC 2163,104,83224235,233636196,hst_skycell-p0818x12y14_wfc3_uvis_f555w_all,hst_skycell-p0818x12y14_wfc3_uvis_f475w_all,HST,HST,F555W,F475W,WFC3/UVIS,WFC3/UVIS,1164.5108855299986,very_similar,0.85,1.25,True,2.0033258167029344
NGC 2207::hst_16239_28_wfc3_uvis_f555w_ieec28::hst_skycell-p0818x12y14_wfc3_uvis_f475w_all,NGC 2207,88,62910919,233636196,hst_16239_28_wfc3_uvis_f555w_ieec28,hst_skycell-p0818x12y14_wfc3_uvis_f475w_all,HST,HST,F555W,F475W,WFC3/UVIS,WFC3/UVIS,1164.5108855299986,very_similar,0.85,1.25,True,2.0033258167029344
IC 2163::hst_skycell-p0818x12y14_wfc3_uvis_f555w_all::hst_skycell-p0818x12y14_wfc3_uvis_f625w_all,IC 2163,104,83224235,83224236,hst_skycell-p0818x12y14_wfc3_uvis_f555w_all,hst_skycell-p0818x12y14_wfc3_uvis_f625w_all,HST,HST,F555W,F625W,WFC3/UVIS,WFC3/UVIS,1164.504542939998,very_similar,0.85,1.25,True,2.0033256985333243
NGC 5427::hst_16246_07_wfc3_uvis_f547m_iebn07::hst_17413_60_wfc3_uvis_f555w_if8760,NGC 5427,45,26312596,210079784,hst_16246_07_wfc3_uvis_f547m_iebn07,hst_17413_60_wfc3_uvis_f555w_if8760,HST,HST,F547M,F555W,WFC3/UVIS,WFC3/UVIS,1141.7429923999953,very_similar,0.85,1.25,True,2.0028974283380885
NGC 6744::hst_13364_0e_wfc3_uvis_f336w_icdm0e::hst_skycell-p0137x09y20_wfc3_uvis_f300x_all,NGC 6744,93,26606971,83219951,hst_13364_0e_wfc3_uvis_f336w_icdm0e,hst_skycell-p0137x09y20_wfc3_uvis_f300x_all,HST,HST,F336W,F300X,WFC3/UVIS,WFC3/UVIS,1136.1554719100022,very_similar,0.85,1.25,True,2.0027909922746985
NGC 6744::hst_13364_0e_wfc3_uvis_f438w_icdm0e::hst_skycell-p0137x09y20_wfc3_uvis_f475x_all,NGC 6744,93,26606959,83219975,hst_13364_0e_wfc3_uvis_f438w_icdm0e,hst_skycell-p0137x09y20_wfc3_uvis_f475x_all,HST,HST,F438W,F475X,WFC3/UVIS,WFC3/UVIS,1136.1452867099943,very_similar,0.85,1.25,True,2.002790797780802
NGC 1961::hst_15446_41_acs_wfc_f606w_jdrz41::hst_17070_81_acs_wfc_f555w_jey381,NGC 1961,17,26490676,101763390,hst_15446_41_acs_wfc_f606w_jdrz41,hst_17070_81_acs_wfc_f555w_jey381,HST,HST,F606W,F555W,ACS/WFC,ACS/WFC,980.2086341100003,very_similar,0.85,1.25,True,1.99958806805549
NGC 7331::hst_16179_32_wfc3_uvis_f336w_ieb332::hst_17506_25_wfc3_uvis_f275w_if8c25,NGC 7331,9,62300839,201415140,hst_16179_32_wfc3_uvis_f336w_ieb332,hst_17506_25_wfc3_uvis_f275w_if8c25,HST,HST,F336W,F275W,WFC3/UVIS,WFC3/UVIS,869.7377944499967,very_similar,0.85,1.25,True,1.9969943697729269
NGC 7331::hst_14202_01_wfc3_uvis_f438w_icvc01::hst_skycell-p2081x17y13_wfc3_uvis_f475x_all,NGC 7331,9,26637952,83202819,hst_14202_01_wfc3_uvis_f438w_icvc01,hst_skycell-p2081x17y13_wfc3_uvis_f475x_all,HST,HST,F438W,F475X,WFC3/UVIS,WFC3/UVIS,509.94480748000205,very_similar,0.85,1.25,True,1.985418699497788
NGC 3256::hst_15083_06_wfc3_uvis_f336w_idle06::hst_15649_11_wfc3_uvis_f275w_idy411,NGC 3256,1,26675551,26696024,hst_15083_06_wfc3_uvis_f336w_idle06,hst_15649_11_wfc3_uvis_f275w_idy411,HST,HST,F336W,F275W,WFC3/UVIS,WFC3/UVIS,372.3139687199946,very_similar,0.85,1.25,True,1.9786037120364321
NGC 3256::hst_15472_04_wfc3_uvis_f336w_idsy04::hst_15649_11_wfc3_uvis_f275w_idy411,NGC 3256,1,26684797,26696024,hst_15472_04_wfc3_uvis_f336w_idsy04,hst_15649_11_wfc3_uvis_f275w_idy411,HST,HST,F336W,F275W,WFC3/UVIS,WFC3/UVIS,312.12467310999637,very_similar,0.85,1.25,True,1.974785864491249
NGC 6000::hst_14762_70_wfc3_uvis_f475x_id7r70::hst_15166_53_wfc3_uvis_f555w_idi153,NGC 6000,18,26652212,26670815,hst_14762_70_wfc3_uvis_f475x_id7r70,hst_15166_53_wfc3_uvis_f555w_idi153,HST,HST,F475X,F555W,WFC3/UVIS,WFC3/UVIS,167.46844214000157,very_similar,0.85,1.25,True,1.961325927993887
NGC 4567::hst_9733_04_acs_wfc_f606w_j8nv04::hst_16691_19_wfc3_uvis_f606w_ierg19,NGC 4567,66,26353035,71748696,hst_9733_04_acs_wfc_f606w_j8nv04,hst_16691_19_wfc3_uvis_f606w_ierg19,HST,HST,F606W,F606W,ACS/WFC,WFC3/UVIS,6320.79680484,exact,1.0,1.4000000000000001,True,1.940042026631846
NGC 4568::hst_9733_04_acs_wfc_f606w_j8nv04::hst_16691_19_wfc3_uvis_f606w_ierg19,NGC 4568,52,26353035,71748696,hst_9733_04_acs_wfc_f606w_j8nv04,hst_16691_19_wfc3_uvis_f606w_ierg19,HST,HST,F606W,F606W,ACS/WFC,WFC3/UVIS,6320.79680484,exact,1.0,1.4000000000000001,True,1.940042026631846
NGC 4038::hst_10187_03_acs_hrc_f814w_j90n03::hst_15645_19_acs_wfc_f814w_jdxk19,NGC 4038,5,26373851,26493562,hst_10187_03_acs_hrc_f814w_j90n03,hst_15645_19_acs_wfc_f814w_jdxk19,HST,HST,F814W,F814W,ACS/HRC,ACS/WFC,5095.201521479998,exact,1.0,1.4000000000000001,True,1.9353623296588327
NGC 4039::hst_10187_03_acs_hrc_f814w_j90n03::hst_15645_19_acs_wfc_f814w_jdxk19,NGC 4039,7,26373851,26493562,hst_10187_03_acs_hrc_f814w_j90n03,hst_15645_19_acs_wfc_f814w_jdxk19,HST,HST,F814W,F814W,ACS/HRC,ACS/WFC,5095.201521479998,exact,1.0,1.4000000000000001,True,1.9353623296588327
NGC 4039::hst_10187_03_acs_hrc_f814w_j90n03::hst_11577_12_acs_wfc_f814w_jb5u12,NGC 4039,7,26373851,26415793,hst_10187_03_acs_hrc_f814w_j90n03,hst_11577_12_acs_wfc_f814w_jb5u12,HST,HST,F814W,F814W,ACS/HRC,ACS/WFC,1718.6967216400008,exact,1.0,1.4000000000000001,True,1.9117725931671323
NGC 4536::hst_13691_23_acs_wfc_f814w_jcnw23::hst_15654_29_wfc3_uvis_f814w_idxr29,NGC 4536,102,26470186,26695611,hst_13691_23_acs_wfc_f814w_jcnw23,hst_15654_29_wfc3_uvis_f814w_idxr29,HST,HST,F814W,F814W,ACS/WFC,WFC3/UVIS,1559.7488686300057,exact,1.0,1.4000000000000001,True,1.9096666514394034
NGC 4536::hst_15654_30_acs_wfc_f814w_jdxr30::hst_15654_29_wfc3_uvis_f814w_idxr29,NGC 4536,102,26493840,26695611,hst_15654_30_acs_wfc_f814w_jdxr30,hst_15654_29_wfc3_uvis_f814w_idxr29,HST,HST,F814W,F814W,ACS/WFC,WFC3/UVIS,105.77702916999988,exact,1.0,1.4000000000000001,True,1.851423891671279
NGC 3256::hst_9300_01_acs_hrc_f220w_j8ec01::hst_15649_11_wfc3_uvis_f275w_idy411,NGC 3256,1,26325404,26696024,hst_9300_01_acs_hrc_f220w_j8ec01,hst_15649_11_wfc3_uvis_f275w_idy411,HST,HST,F220W,F275W,ACS/HRC,WFC3/UVIS,6136.0983944399995,very_similar,0.85,1.25,True,1.6893981543132905
NGC 3256::hst_9300_01_acs_hrc_f330w_j8ec01::hst_15649_11_wfc3_uvis_f275w_idy411,NGC 3256,1,26325402,26696024,hst_9300_01_acs_hrc_f330w_j8ec01,hst_15649_11_wfc3_uvis_f275w_idy411,HST,HST,F330W,F275W,ACS/HRC,WFC3/UVIS,6135.966077239995,very_similar,0.85,1.25,True,1.6893976861339848
NGC 3256::hst_9300_01_acs_hrc_f330w_j8ec01::hst_15472_04_wfc3_uvis_f336w_idsy04,NGC 3256,1,26325402,26684797,hst_9300_01_acs_hrc_f330w_j8ec01,hst_15472_04_wfc3_uvis_f336w_idsy04,HST,HST,F330W,F336W,ACS/HRC,WFC3/UVIS,5823.841404129998,very_similar,0.85,1.25,True,1.6882642052552987
NGC 4536::hst_13691_23_acs_wfc_f606w_jcnw23::hst_17502_77_wfc3_uvis_f657n_ifab77,NGC 4536,102,26470170,212762808,hst_13691_23_acs_wfc_f606w_jcnw23,hst_17502_77_wfc3_uvis_f657n_ifab77,HST,HST,F606W,F657N,ACS/WFC,WFC3/UVIS,3019.000736110007,very_similar,0.85,1.25,True,1.674000352440713
NGC 4536::hst_13691_23_acs_wfc_f606w_jcnw23::hst_17502_76_wfc3_uvis_f657n_ifab76,NGC 4536,102,26470170,198770078,hst_13691_23_acs_wfc_f606w_jcnw23,hst_17502_76_wfc3_uvis_f657n_ifab76,HST,HST,F606W,F657N,ACS/WFC,WFC3/UVIS,2917.280119670002,very_similar,0.85,1.25,True,1.6732563488293468
NGC 4038::hst_10188_10_acs_wfc_f435w_j91k10::hst_11577_12_wfc3_uvis_f336w_ib5u12,NGC 4038,5,26378939,26515024,hst_10188_10_acs_wfc_f435w_j91k10,hst_11577_12_wfc3_uvis_f336w_ib5u12,HST,HST,F435W,F336W,ACS/WFC,WFC3/UVIS,2017.5781614599982,very_similar,0.85,1.25,True,1.6652522785204495
NGC 4536::hst_11570_24_wfc3_uvis_f555w_ib1f24::hst_13691_23_acs_wfc_f606w_jcnw23,NGC 4536,102,26506213,26470170,hst_11570_24_wfc3_uvis_f555w_ib1f24,hst_13691_23_acs_wfc_f606w_jcnw23,HST,HST,F555W,F606W,WFC3/UVIS,ACS/WFC,1974.6213447399932,very_similar,0.85,1.25,True,1.6647851854830178
NGC 4038::hst_10187_03_acs_hrc_f555w_j90n03::hst_skycell-p0923x09y07_acs_wfc_f502n_all,NGC 4038,5,26373856,83230026,hst_10187_03_acs_hrc_f555w_j90n03,hst_skycell-p0923x09y07_acs_wfc_f502n_all,HST,HST,F555W,F502N,ACS/HRC,ACS/WFC,1712.5904020099988,very_similar,0.85,1.25,True,1.6616953510484036
NGC 4038::hst_11577_20_wfc3_ir_f110w_ib5u20::jw01995-o019_t019_nircam_clear-f115w,NGC 4038,5,26515324,140242398,hst_11577_20_wfc3_ir_f110w_ib5u20,jw01995-o019_t019_nircam_clear-f115w,HST,JWST,F110W,F115W,WFC3/IR,NIRCAM/IMAGE,4872.789718407781,very_similar,0.85,1.15,True,1.5343933393722544
NGC 0988::jw03295-o009_t006_miri_f770w::jw08878062001_xx101_00001_miri,NGC 0988,63,207168854,253894672,jw03295-o009_t006_miri_f770w,jw08878062001_xx101_00001_miri,JWST,JWST,F770W,F770W,MIRI/IMAGE,MIRI/IMAGE,,exact,1.0,,True,
NGC 0988::jw03295-o009_t006_miri_f1000w::jw08878062001_xx105_00001_miri,NGC 0988,63,207168873,253894676,jw03295-o009_t006_miri_f1000w,jw08878062001_xx105_00001_miri,JWST,JWST,F1000W,F1000W,MIRI/IMAGE,MIRI/IMAGE,,exact,1.0,,True,
NGC 0988::jw03295-o009_t006_miri_f1500w::jw08878062001_xx109_00001_miri,NGC 0988,63,207168861,253894680,jw03295-o009_t006_miri_f1500w,jw08878062001_xx109_00001_miri,JWST,JWST,F1500W,F1500W,MIRI/IMAGE,MIRI/IMAGE,,exact,1.0,,True,
NGC 0988::jw03295-o009_t006_miri_f2100w::jw08878062001_xx10d_00001_miri,NGC 0988,63,207168904,253894684,jw03295-o009_t006_miri_f2100w,jw08878062001_xx10d_00001_miri,JWST,JWST,F2100W,F2100W,MIRI/IMAGE,MIRI/IMAGE,,exact,1.0,,True,
NGC 3079::jw05627-o018_t006_miri_f560w-sub128::jw07140015001_xx101_00001_miri,NGC 3079,75,233338429,250265506,jw05627-o018_t006_miri_f560w-sub128,jw07140015001_xx101_00001_miri,JWST,JWST,F560W,F560W,MIRI/IMAGE,MIRI/IMAGE,,exact,1.0,,True,
NGC 3079::jw05627-o018_t006_miri_f770w-sub128::jw07140015001_xx104_00001_miri,NGC 3079,75,233338424,250265554,jw05627-o018_t006_miri_f770w-sub128,jw07140015001_xx104_00001_miri,JWST,JWST,F770W,F770W,MIRI/IMAGE,MIRI/IMAGE,,exact,1.0,,True,
