id,x,y,sharpness,roundness1,roundness2,npix,peak,flux,mag,daofind_mag,source_id,flux_first,err_first,flux_last,err_last,fade_fraction,fade_sigma,matched_candidate_id
860,1416.127809900813,672.9470631862429,0.6613150434842834,1.3656986271950071,0.8113013539676729,25,12.799904304373158,96.82351914445476,-4.964952158611867,-4.076856992790616,10,128.71228888099733,0.2091166324204855,-0.1853622851452591,0.16549021461382707,1.0014401288855692,483.3469362469589,MESSIER_101_hst_9490_02_acs_wfc_f555w_j8d602_hst_14678_01_acs_wfc_f555w_jd6v01_0008
1149,1889.5454582825366,964.1275266582525,0.6183363165934683,-0.10552064277054851,-0.15938471406235125,25,3.1556961011671554,23.082172860296076,-3.408191722736418,-2.5592001799311137,225,47.423451816003855,0.16281592600506087,11.664542941841228,0.15869979489660868,0.7540342911541326,157.27563818319996,MESSIER_101_hst_9490_02_acs_wfc_f555w_j8d602_hst_14678_01_acs_wfc_f555w_jd6v01_0225
1504,2077.0963457640187,1417.1729631758872,0.676999404970304,0.16123071442639955,0.09984831217281467,25,5.94000132337439,38.38509609014176,-3.9604065803046784,-3.1990094154418633,99,51.7341489462507,0.15291756990808297,35.881699615743386,0.1013298644558524,0.30642138033385347,86.41596840121184,
880,117.22017638090944,684.8749890861423,0.856042124810407,0.1599530917589701,0.07627948187197865,25,4.2213537640976355,22.803502047885395,-3.3950038722465687,-2.6503643093444733,228,25.67832487991781,0.302499808523224,1.0189711898240006,0.15520657063700954,0.9603178480454189,72.52901235562427,
1638,2345.4533903166725,1615.9683938706178,0.6267166796057461,-0.1278604261228032,0.003643106645314021,25,7.121430550532122,50.66018392015644,-4.261666905373594,-3.435230817170556,46,62.57978501609754,0.12206934544472733,53.79075671169351,0.07442741759410437,0.14044516615298708,61.47471634775987,
865,885.3705716053436,677.7542912295933,0.8360129523172775,-0.3762079436276455,0.20664164900388993,25,59.42787365808062,414.7810615884151,-6.544547296996144,-5.447925836927007,0,491.41506933645593,0.20560003353483916,476.3344881733908,0.15895941211393474,0.030688072271426337,58.02822135629354,
2135,2320.6828153294027,1943.3299943247112,0.6679267347030668,-0.10010242745228647,0.01948147797524511,25,7.49841385659756,51.05661968331509,-4.270130144977858,-3.4462335038692924,43,69.85799839757463,0.5112590598514047,52.46987113086542,0.4428436347104145,0.2489067489129907,25.7074507176659,
2103,2071.5531945282764,1922.8026061647267,0.5431257442470517,0.2158877685032651,0.00974858401076659,25,4.971302477753709,39.743051026352965,-3.998153010800049,-3.132463311954587,93,52.633520304759756,0.4911998088334221,37.16567212222787,0.3901199052562461,0.29387827553562096,24.658897234186938,
1173,897.6316725659852,1014.2328529392948,0.5653512892738147,0.12115578741371937,0.16564457028321775,25,4.298967888219293,48.683594341617855,-4.218456587468628,-2.6804919226823025,56,67.1688990549206,0.1554522231385214,62.185666365309935,0.12921142605077307,0.07418958416358934,24.65226026415929,
1905,349.3909420613531,1777.9963365414662,0.5652488646610279,0.2584763723174057,0.16641382753810016,25,9.366056240016745,102.3510194445577,-5.025230431784077,-3.561049571357459,7,132.469860607577,0.3738665867363404,121.93755709235613,0.36822803809779164,0.07950716839977146,20.070885892429164,
1372,660.2632730092647,1222.7253004448482,0.5994350250959721,0.17927031150667147,0.23898774775574394,25,5.3478466064563674,41.28118582287188,-4.039380410315628,-3.1291276273266044,85,47.242238732902656,0.20682874241103458,42.37218656473765,0.15927332995542998,0.10308682015895176,18.655763999843476,
1869,2278.8137543848175,1751.7869743886404,0.683140492428841,0.21001754775784642,0.11179875220708695,25,3.6117619887221624,23.090007771094918,-3.408560197704707,-2.6526072094518733,224,28.688480279270962,0.10337548876193761,26.541940898454605,0.05870915318555311,0.07482234541253663,18.055841864404336,
1569,1019.3034466400575,1520.7925070660388,0.6031473897012934,0.18811918164336183,0.13887354281456227,25,8.605386961528374,67.20147002488692,-4.568446933256359,-3.633058371742703,23,76.02094541067741,0.2043149561715096,71.52630122365616,0.14887605520283542,0.05912376073120973,17.779329940682704,
2438,393.27063617607195,2224.9945003881626,0.6783183707380308,0.32468345421809564,0.1959587660046449,25,9.170065140194165,63.246060097242086,-4.502583690970566,-3.64145345867679,25,71.77940757849666,0.16114356945393174,68.31776702320613,0.11194651340714262,0.04822609536732303,17.642320705190567,
1095,540.2746799023013,890.7383107430131,0.5505496148896883,0.03867190383313755,0.42781421905497313,25,2.1855231139751616,27.11307364034297,-3.5829468840816805,-1.8829193313357753,173,69.13438696431034,0.5717236407484839,56.58908676116349,0.4606978137663763,0.18146252182178435,17.08607091282276,
2493,999.687937905913,2261.2848459048396,0.632021120914402,0.05181512628360666,0.045184416138783656,25,6.789143460368294,49.5181363995418,-4.236910729437206,-3.361954680549184,51,55.68879301777228,0.20180211388426367,51.86677840354937,0.1622424745666193,0.06863166549512334,14.760585861918168,
1174,1135.3563932749805,1015.3944452361515,0.7292040633847654,0.3343910127645099,0.10460516454494748,25,3.1032894527262584,20.619374328280973,-3.2856887074248036,-2.4060693590036832,251,25.034860559934764,0.14832489366291898,22.55939264036027,0.10730021866409241,0.09888083513179935,13.522179301493733,
2294,460.29106551878357,2055.3182605483903,0.5414108279506802,0.422755733029397,0.16261139269619845,25,4.823579408747943,53.02701934497053,-4.311243040151085,-2.8803435325887428,41,68.7123756259355,0.17556442443281184,66.00482442144121,0.12079266121348352,0.03940412741998567,12.705245818019925,
894,1872.5154205383162,693.6708818511955,0.5596576531243201,-0.27212063967364325,0.04458142908746453,25,5.274917429808002,42.71375532083286,-4.076419388846839,-3.159210046249596,81,49.70659877138241,0.3324709817039146,44.50527231694927,0.2707161908259772,0.10464056248056353,12.131451291885424,
29,1746.4955198083812,28.025777346428836,0.5550625716751256,-0.22607348126667692,-0.028360328364643646,25,3.581908451119472,41.67975860357497,-4.049812987494569,-2.4738526288623395,84,58.404485511810734,0.3687783379236591,53.324972512961764,0.2787510257627037,0.08697128233107665,10.988039819501985,
871,1689.5196798541485,679.9483781743826,0.5591861905488088,0.04906597708546317,0.04632092519824979,25,2.9733359418779575,24.613958061304693,-3.4779536407144174,-2.5313152469157343,201,28.315044660664917,0.22421125108623324,25.482700964838656,0.1809632075238923,0.10002963900533535,9.830120865751262,
2072,1158.137480387365,1906.11361149705,0.5173299544108917,0.6629958043780456,-0.1357200560906502,25,5.659460226296757,76.70934476322128,-4.712120682750385,-2.875306967860944,16,112.80395951780648,0.38179365950095084,106.49296748721775,0.5206619564197879,0.05594654706772517,9.774734790995307,
1056,1979.928968084366,820.9961509153553,0.5609852947352232,0.1046344041961346,0.05275864644273627,25,4.055874659152792,43.035288514893054,-4.084561797213533,-2.6848026155832887,80,58.94417777786816,0.1800412995133238,56.68867770781076,0.14859058966337255,0.03826501878705102,9.662029747298222,
1521,1539.46697975185,1446.0300983967536,0.5487074265791315,0.05942340686622204,-0.04313483401284863,25,4.370998787975646,37.296556789869825,-3.9291718492145185,-2.9448710493367103,103,43.16420361331098,0.16175757748851433,41.32045857745457,0.11022300650071869,0.042714677476125895,9.419298806600828,
1200,1557.4405647988408,1047.055287331043,0.561691706543427,-0.01768024773683164,0.0007480146264755146,25,2.9809054238642503,25.405258832277312,-3.5123090598021816,-2.504859697272672,187,32.5640534757003,0.2201609690915836,30.122390339692608,0.16821576303647193,0.07498031956708617,8.812463755286029,
2314,1315.4251208735243,2073.6003415134687,0.4907086168820478,0.10863470483857719,0.10618703877626333,25,3.1632559202849375,48.75377983104298,-4.220020729375037,-2.0843025901007155,55,72.83906154871853,0.30772962351998967,69.76042324566008,0.23208904100464053,0.042266309279661685,7.9873656418293235,
160,908.1518473133776,175.93416374858245,0.5422624856632985,-0.07599985710912938,0.10412316176278348,25,1.8894282377232063,20.09332257925913,-3.2576293912145537,-1.8837653610838392,261,28.83287235100685,0.12467274808272147,27.638626958350052,0.0977538116118289,0.04141957756127246,7.538144954772109,
1449,1167.4559562573024,1322.9068876908796,0.5895198581688447,0.15771528712977315,0.0026055141724587137,25,4.072695769928286,33.33536389462198,-3.8072630008036294,-2.819457747914018,126,37.73071484269082,0.18746099673433445,36.13723773408681,0.13039813946133044,0.04223288944425341,6.978116944983685,
1817,445.7236971875014,1722.0068575335579,0.5863224547272692,0.17746917438809867,0.16261897395201722,25,4.915585940619135,44.09707673795956,-4.1110245009568525,-2.9822338315837102,77,52.261801248118005,1.1428861921445561,42.774273137927544,1.0523015881835427,0.18153848286145924,6.10698638260152,
2230,2356.4211714325966,2009.7329507290247,0.6688247698970067,-0.11749423484314987,0.0333280802540558,25,6.502141365208082,44.72993925881231,-4.1264957710531185,-3.2822281702261384,73,53.10870668592006,0.34235824799452025,50.49353324645656,0.27306188118006564,0.049241896529873985,5.97183695863243,
2047,1038.1712827249853,1891.724419543501,0.5878107780460311,0.22346300698341887,0.16424610926832411,25,2.5099448844027075,19.9515019244712,-3.249938986016584,-2.3122755161533224,262,23.700500400251656,0.174363413067886,22.410521999497956,0.12921463505243022,0.05442831919025659,5.943968445483437,
276,2049.451660534145,301.0038060905418,0.48824438792894986,-0.20988410538521005,0.0018351754695430157,25,3.015502770217169,48.37337406107553,-4.211515951621936,-1.9529440615527136,59,78.13026140282709,0.30669074121793516,75.51918299225157,0.3225290751065072,0.03341955298361554,5.8667148431692056,
376,2072.9640828990605,362.5714489264685,0.571912709004522,0.06300442239350788,0.1826126710075832,25,3.1174390729040447,32.57295884623945,-3.7821430264574123,-2.390362671223069,130,46.880904648047284,0.5906962902357314,41.91056847028107,0.62779492224983,0.10602048350134052,5.766033512099388,
1798,2044.1221685320209,1714.5992694350482,0.5717170676433434,0.16973454546860442,0.19214264108004656,25,2.8723712137048603,21.71003915489485,-3.3416515168050323,-2.513599954990104,239,27.105035201544972,0.14636097488301075,26.054659342241603,0.11176018154108051,0.038752056637930465,5.703859803360083,
684,1706.7980913441609,583.4916202278313,0.6212683976438775,0.0303428957548957,0.20384222835492205,25,17.356849885432904,135.43072062835162,-5.329292973392309,-4.365636494353539,2,162.95767995012613,1.2615216976298187,152.83957763354053,1.2513582966386567,0.062090368000343954,5.694279281094302,
817,1886.4436360202026,638.5629144607576,0.49505849535325325,0.26009673161151964,-0.07648489651677667,25,9.547116126129213,105.93710604973043,-5.0626202621682035,-3.6988731262070362,5,130.79590691593387,0.4840938957771673,127.38787853876322,0.404472885494925,0.02605607818722555,5.402459984340477,
2262,1730.3130001334353,2028.504393694303,0.5313513452181144,0.25692670037477927,0.23774529867574543,25,1.9719970615628408,25.716279218609888,-3.5255203313419257,-1.737103214404404,180,37.93483370502693,0.18257271194388947,36.67868367626231,0.14919936352554913,0.033113365898271074,5.327586372931765,
2264,1509.9779185881057,2029.3206173693225,0.6888455118099768,0.20904485894961491,0.11381483216761153,25,5.409743689572382,36.555713225703286,-3.9073881542260693,-3.0616065803817385,106,41.38699242890756,0.18563388733010971,40.15678381601214,0.1445726342685346,0.02972452310973339,5.228487424472211,
2503,1471.2853461183886,2269.4202270873816,0.7048136032113927,0.49652128286682834,0.07393045354736781,25,1.797774432113366,28.132341487623556,-3.623014701265695,-1.1881348613692035,162,110.1386923801576,2.246224668382028,93.09016274113797,2.41572952376459,0.1547914658381313,5.16829206339713,
342,1840.105658115032,342.4908544777412,0.4521494754099356,0.17939398296849282,0.044603905656765766,25,1.205669517449561,19.45027197714306,-3.222314196332542,-1.0655594352702682,276,58.248296505503916,1.5983393398518961,44.267323210874245,2.211783526743696,0.24002372830437368,5.123375718891276,
867,1834.875022435338,678.0978030427327,0.6053105442178417,0.8580336544733771,-0.138181090791846,25,2.2883709397398553,28.862746201411706,-3.650844126264663,-1.8304492196759068,155,44.860488360436435,0.3558253009811311,42.53148933297626,0.3368120997321562,0.051916488486428936,4.753514267004843,
1543,1094.3917696520934,1482.8515719649897,0.5566653373281354,0.14755970128921805,0.08589791737327573,25,2.5031421132249214,20.2212925014477,-3.2645222782743035,-2.355547375411392,255,22.749915884682956,0.19789826882381595,21.587415033198262,0.1496369631693166,0.0510991274595165,4.685563241024114,
811,1769.6222815048877,637.472935085152,0.7722239686730129,-0.07931290574882086,0.06184065742154524,25,1.9650837227064122,20.84548101637836,-3.297529802667371,-1.612716521621804,247,35.63059532874665,0.9107749947993375,28.875356592878305,1.146238627424905,0.18959095893686184,4.614150061198808,
1099,544.2665890619369,893.770825855266,0.6005645495280636,-0.06300419569830226,0.15581398223506218,25,11.075058105672625,91.26681881645412,-4.90078228271471,-3.881479731060293,11,115.42427786274267,0.735472155270656,110.62702257067488,0.7440574584514019,0.04156192597342878,4.5853960720152225,
1990,1230.3104453800995,1847.835328508418,0.6264007234761905,0.15066291279332988,0.16016430372943952,25,3.840001350534868,28.8960232255417,-3.6520951942579956,-2.737182942909832,154,33.24545699559384,0.17602902335952056,32.140254981173946,0.17187875963298269,0.033243700472108784,4.492226258525707,
2064,1822.331327237521,1902.407726607496,0.6666465607481031,0.39436522922436507,0.0032580122164155797,25,3.94974923715748,29.995993486043833,-3.692658126540611,-2.7018621353539194,150,36.96594874889339,0.42135181779985215,34.380117916335905,0.4218087563468012,0.06995169663094047,4.337153098150138,
449,2248.690721948166,430.7614582920449,0.667739331835537,0.969480521583975,1.2152149075565088,25,9.212382084270878,71.21350142740329,-4.631405849244597,-3.5819609821238045,20,243.33476459947337,56.18470668590683,0.27605835535724976,0.23110836063910217,0.9988655202810349,4.326028635823152,
497,472.9800870978762,469.3090324170694,0.5550170370365471,-0.08117389479999126,0.2009723676791316,25,2.200927413301839,23.728756008257005,-3.4381874267790264,-2.015794671440096,208,31.983214913342845,0.15243212326444075,31.225013704440787,0.09237613013421088,0.023706222496905682,4.25386176348506,
416,1855.0753176674862,398.07951634526756,0.5796586062211035,-0.09685868847709435,0.23454194412813664,25,2.1380632962021986,18.75858062496774,-3.1829999355787293,-2.0971156759770264,293,24.20204325188322,0.3306008267484786,22.347970191023403,0.2857651263821114,0.07660812112281257,4.242845492061694,
486,2093.2831092353013,464.49197995113315,0.46910099599232247,0.05000426694447833,0.032828761424899947,25,1.7208168387758365,28.008550486437183,-3.6182265839090624,-1.3474336871272155,163,44.47163821374485,0.24320427023729185,43.05974857235736,0.23405506730088174,0.031748091549978597,4.182938974967604,
1664,396.3788230772537,1638.825976251199,0.5959027935570965,0.20830228782325122,0.22331955530838166,25,4.917613475927922,40.01696226920324,-4.005610294471442,-3.0173112885374076,90,42.77783551303873,0.34619751806531635,40.916804917721954,0.2858664851923812,0.04350455260293695,4.14512864152958,
318,1961.0922514337738,328.1697570331737,0.5663589926575578,0.8023198211146825,0.2653142514947339,25,9.146485445602412,100.00203234703912,-5.0000220657033845,-3.5451733230639197,9,139.9311054551034,1.1216664703764778,132.89660030523507,1.3048898735322958,0.05027120401135776,4.088120077304396,
1264,1730.3236913339,1125.317354995923,0.6503977645872161,0.2686061066186933,0.06472085183617682,25,3.650631945833725,27.20291934532965,-3.5865387846749774,-2.648899822325031,171,31.20948227089517,0.26888296151020363,29.833335556167587,0.2055682277507508,0.04409386553685091,4.065885709633838,
1184,205.18012504722864,1033.095090817202,0.5333001522014629,0.19833955595268563,0.18121807384117136,25,1.4646512666717677,18.937867848761503,-3.193327704138822,-1.425871506404675,287,24.285850187033198,0.1626528068344171,23.48155717335484,0.1168482629748242,0.0331177622971498,4.0159743599725175,
1686,24.43809958010529,1658.5690701480928,0.5576533078693149,0.09907721461335701,0.3181571474839141,25,4.073676405951652,59.83909026487609,-4.442462455792934,-2.3453899308310917,31,30.00118717985876,2.9085609395311773,15.07275769688411,2.531294976625719,0.4975946249552692,3.871683134546957,
1941,2159.9344580468946,1812.6951189893934,0.5968729210525573,0.2205721074659674,0.1560926303842577,25,5.3919430589623625,39.55989725045725,-3.9931378873168115,-3.16671844391657,94,45.9592094932155,0.1683387773180907,45.1131482429171,0.1401564001983053,0.018408960024068777,3.8624575164218906,
733,317.10243790749706,607.7847749593845,0.5110346080204897,-0.10108454966118947,0.24534626650066135,25,2.0230167183878613,23.530426474877025,-3.4290744964363657,-1.9322164732101328,214,31.667153147772908,0.20362325232347378,30.610425645597278,0.1870449152225664,0.03336982952791723,3.8218997871858202,
726,1888.4309554749955,603.2211082397873,0.49376625855717043,-0.76638699952101,-0.6455732449477424,25,9.137247727444903,100.90463855605813,-5.009777827708143,-3.6408693073090554,8,117.67974022854807,0.3376356861914991,115.91143082835755,0.31783435855613595,0.015026455673306627,3.813487481529532,
1938,1287.8175602901363,1812.3246761922992,0.6194814933747621,0.14806395368202685,0.08742686920756897,25,5.8829881202563765,47.97920535757965,-4.202632627020541,-3.1735285115054483,62,62.39310637139347,0.5385586502362835,59.70204470207754,0.4808650492558858,0.04313075315239878,3.7272586297744366,
39,1598.515055367989,36.142387958710756,0.5785255533006912,-0.20344835783439044,-0.043486677063615045,25,3.39515749677412,37.047303343338086,-3.9218915034111532,-2.437372785575512,105,48.852815628229266,0.32025203557829,47.47799866113231,0.26598350310448415,0.02814202107733843,3.302439259376221,
452,2250.0018958429705,433.5282477964332,0.7545782577747203,1.2767015446781698,1.0966270724093952,25,11.84540856252661,74.80479083275443,-4.684823532281509,-3.8344664871160234,17,181.79621340556207,55.958256697185014,0.7954088804012458,0.5862617935887737,0.9956247225093363,3.234390820153566,
1047,1722.888086402717,812.2629863890172,0.6675492210787832,0.044984783325250875,0.141180321635851,25,7.016405690890833,49.03430816533522,-4.2262501303332725,-3.3644942281539603,53,56.15216435586928,0.3720682799325579,54.626773015609736,0.30095589497631275,0.02716531691623214,3.187533508741619,
351,1841.887891089083,347.86683035355526,0.5515695670994504,0.20329310403576073,-0.014107487985664498,25,18.329650538240944,182.4309447573764,-5.652746268060824,-4.389478425662178,1,225.75350926773305,1.106172872424562,221.0112093062755,1.0227087592808315,0.021006539286321346,3.147885935311212,
307,712.5653710458014,322.52033389544533,0.590448537982954,-0.36916680383117695,-0.4430154124104715,25,3.995003179865411,54.061327655415425,-4.3322167675919605,-2.3408089958669422,39,91.25405484570183,1.061074187268992,86.8544934504337,0.9139269445941157,0.04821222906431055,3.1416296355578877,
1098,542.4084003940627,893.1372910820609,0.43529663873787966,0.21980270576131355,-0.21806773476895697,25,1.7190983823223462,28.40899777277648,-3.6336397818231445,-1.363127170170275,158,125.17685908261693,0.6652718207975007,122.26242395939028,0.668484812990369,0.02328253915768186,3.0902352155325925,
1317,764.4156706856661,1179.6354088529797,0.5327601666885677,0.033020661184031436,0.15238182674381814,25,5.583026357086199,50.50372392227194,-4.2583085056563945,-3.2037734532264657,47,55.74001369297361,0.49814755578989217,53.6549211468696,0.45532214520470493,0.03740746383000715,3.0895541259517327,
1965,1345.475740470908,1826.9613989635727,0.6007146138280344,0.16964732272280977,-0.07203935188626724,25,3.0050617540801143,25.619648717128108,-3.521432926591657,-2.447552463796112,181,27.052183458760865,0.3378699448982326,25.72929249775951,0.28669414069294286,0.04890144867670332,2.9854445239132894,
2221,179.88047799240059,2004.5594694318336,0.4748929878289835,0.16789486923918887,0.2909299401258674,25,1.4727510825112216,22.32710949671022,-3.372081255631611,-1.3117853476968722,233,26.619700584637595,0.21094547655804785,25.838068742768034,0.1551634853000079,0.029362908849570046,2.9848564372989523,
1338,1772.0067678337405,1200.6490112480233,0.6008037252516899,0.23017646327483815,0.2734092403805494,25,6.2152179546551345,48.11097534380106,-4.205610403383883,-3.2892406319766514,61,52.9389952795922,0.7344436502082787,50.08014856241687,0.6455125872551946,0.05400266291561828,2.923752320846899,
1514,1155.7157308029396,1427.7685357670714,0.6314749085062559,0.33976086827162705,0.14401694601693543,25,2.8955933307413977,21.945701222228507,-3.353373655602173,-2.418806815584636,238,27.10195095191214,0.4082472866527147,25.56553271078331,0.34214361305001184,0.05669031885766995,2.8844185543575787,
2307,1741.5393745002266,2068.7591342382825,0.5258218984728329,0.19782181260624573,-0.026244980992495878,25,3.2259721881931434,33.67547767294295,-3.8182844118228934,-2.510899908023299,123,43.09545389238276,0.37738768422843155,41.67956281188578,0.3212790656011632,0.03285476663113274,2.8567931562754434,
864,1832.0459149911308,676.5987571089655,0.5412197704031099,0.2908433819689225,-0.2925961719280937,25,2.170031953026922,27.917358660676918,-3.614685815200408,-1.8677412585224347,165,43.80775189193577,0.40698237225269684,42.29696107915786,0.36198797029387125,0.03448683731830626,2.7737515751400954,
740,1914.548350514139,611.3466583218669,0.6555676655858163,-0.21236080382080394,0.03730220498144521,25,3.1103904388780688,22.953643454256177,-3.4021290783312743,-2.473275609423475,226,26.54375544805469,0.49098716385090446,24.830151914697094,0.45334425325307176,0.06455768991358679,2.5642250601275274,
1975,37.21929750640808,1834.4247337279626,0.6591361821862298,0.10577517937400902,0.21085092451072127,25,3.030944281534154,33.69651294824677,-3.8189624016078465,-2.1954746552298205,122,42.80797022816345,1.3850360308574914,37.90832179982459,1.3662461256153593,0.11445645290407558,2.5184576769874587,
2173,2195.143624781889,1973.7247904487938,0.6367577972025956,0.06673395790763144,0.12326339595887635,25,3.40283847911941,24.974671068741273,-3.4937494425482214,-2.602160323778649,196,32.8172832567626,0.6213741753784381,30.74639252921656,0.5438617968120625,0.06310366130381295,2.5078383468169148,
1331,1929.4319704553782,1195.5585553464402,0.5560273955501289,-0.3955000738908755,-0.010953707952890523,25,4.050469834082975,36.550623686541,-3.90723698000024,-2.813724141138827,107,45.333188479977636,0.3462601452461142,44.17603255579695,0.30532257762800064,0.02552557988926296,2.5065816341058635,
518,1864.1089641693077,485.9440763667092,0.7491165102497109,-0.017315590210696147,0.09108555440029986,25,6.730847380810156,40.78045203994125,-4.026130088755132,-3.2576405081178006,87,44.89117263331134,0.4533596811034568,43.00023227792879,0.6272536012102962,0.042122765890490244,2.4432669219688328,
1309,1866.772530333172,1170.3100367535867,0.6326556701521439,0.06250060339787478,0.12785084180642203,25,3.5405475017539034,26.535802691410996,-3.5595805732504133,-2.6412203418044893,175,30.86910889279139,0.16497125265060347,30.383792334002962,0.1119940821990306,0.015721754731370385,2.433950908384893,
1945,7.711352051455519,1815.4951153336979,0.6276029819915024,-0.23959959426550836,-0.678763130344267,25,1.2949367108148635,25.108548245061403,-3.499554007251668,-0.31107445671475586,191,37.39151472951322,0.7882338812113209,34.12833781704096,1.0921027942076869,0.08727051942339814,2.4228238426533686,
483,1188.0105048923992,463.0360019640941,0.6043624124846373,0.5266027462632523,0.7716715202837444,25,1.4378050748949964,20.77325252367553,-3.2937612512673535,-1.1429773476855658,249,36.24743629910275,0.3492167665688522,35.214670046735606,0.25870401572317187,0.02849211855550482,2.376341845227315,
2138,1516.8807056267935,1943.7860205568834,0.46918214697966737,-0.37959320489000786,0.20846312772821382,25,3.191762177025553,34.667808963561576,-3.8498159868130575,-2.5746794610024977,118,39.40139272821337,0.20784496642052133,38.76481955058742,0.18016900632902544,0.016156108542075165,2.314269950560895,
685,1846.1496606304513,582.99338280686,0.6402273869344983,0.04108931597300552,0.12532636590014692,25,2.91882992423778,20.16665947941817,-3.2615849128837207,-2.460864525995126,258,22.633772473503058,0.7073992729780825,20.410464073310777,0.6614547188401426,0.09822968764023177,2.295689186148545,
702,1768.4178184114933,594.5265465795865,0.6563468447701332,0.18919691100951092,0.096402030528071,25,3.258233417502713,27.73840777682114,-3.6077038208638474,-2.4506303185682676,166,40.557076583607255,2.5418432857001574,31.93528235242395,2.795818515992014,0.2125842135936431,2.281762971098872,
1136,1750.8328360945486,950.2852013269631,0.5912098820259939,0.36159227165309454,0.30609908401177705,25,3.0895470353952375,33.60323173780655,-3.815952617462946,-2.315051042077702,125,47.89653732030601,0.9220852419595827,44.84074719818851,0.9819133071921877,0.06379981295269921,2.2685983408306782,
2569,481.0012266976594,2319.8733789017906,0.5849058754374235,0.42718488112129316,0.2407702656625612,25,6.343337978080465,48.36670439274588,-4.211366241170872,-3.349130448011535,60,52.64823828531499,0.24652469829461574,51.93440950630108,0.20926931163736415,0.013558455178414142,2.2074684415650485,
780,1808.5494766628583,624.8640026520885,0.6305306267972551,0.2136762197391632,-0.17506273790417215,25,3.2059935505098807,29.40962830673558,-3.6712238392892838,-2.427770083445002,151,29.270684850965463,1.5775831143328307,24.1700842732142,1.7475922044766639,0.17425627735467974,2.1664809294374114,
1433,1363.2502180105855,1296.6113394455233,0.5067048454386152,0.13455092092868198,0.19338519275292987,25,1.3625421369538848,18.867640792327816,-3.18929399856702,-1.3012957175057966,289,26.000246487265944,0.3310853384057277,25.049862729544355,0.31406268025856343,0.0365528749193611,2.0825887090796256,
1727,978.8985197190312,1680.660229419262,0.5838424249819808,0.2844113110598864,0.057857218070398474,25,5.553101518908433,60.73690931566809,-4.458631721124629,-2.957246699942875,28,84.3581961878075,1.5608009403031056,79.79811687268342,1.5628732215314471,0.05405615009799314,2.064531785230981,
2201,1293.3038646405726,1991.4623712948733,0.5664752121383549,0.3351699359819103,0.08422468281453149,25,4.673049004747343,48.91099409073838,-4.22351622430606,-2.8364015998661856,54,62.08697613251368,1.6931475604725112,57.87102180062264,1.2252585972473322,0.06790400490584103,2.017224436462156,
2405,2082.567526154589,2195.4680970414015,0.5417959336063146,0.44514865116559726,0.13382702230768326,25,2.408616168159008,20.16765610997196,-3.261638568331169,-2.3177196662853046,257,23.8370592058497,0.15714877923647677,23.450987153356607,0.10954061365389436,0.016196295405364047,2.015420166451184,
2544,1490.0505306918983,2295.132916958574,0.6146195745164651,-0.12139021327919795,-0.31048294401494514,25,4.032365736802866,34.931003963512296,-3.8580276700451277,-2.7271898547071682,115,40.55412106450147,0.4776955603428666,39.18467898942705,0.4953297444403713,0.033768259282362934,1.9900464842787149,
1751,1436.4470424694712,1691.6631362646692,0.5062092321346111,0.33041150685738196,0.06890213386928651,25,1.4765464592338218,20.11065511431182,-3.2585655454496525,-1.4201162553733058,260,25.192937943558192,0.24265682148179887,24.521862502434647,0.23968692975774514,0.026637442708230763,1.9675304149183128,
2295,1813.9151346799817,2056.3156141712066,0.5661971482628178,0.14035733753894686,0.1849277333377524,25,3.242277797510341,31.211036066404656,-3.7357704638336338,-2.5068194276234728,142,39.7119877483739,0.3061730137393904,38.9199992526119,0.26201610433113626,0.019943310336925313,1.965320621860547,
1102,1865.0040035814682,905.1230514904715,0.5893161114333356,0.24298381353992113,0.25906361932093497,25,4.663936924729461,45.656437960190566,-4.148755063846,-2.8502564938742543,70,57.249087898958585,0.5935299560571519,55.70033790948652,0.5300982256623954,0.027052832565743645,1.9461789271291456,
1541,1243.452230699353,1480.888388590446,0.5191757771898425,0.1377014067411273,0.08171904409314672,25,2.0600269710630146,25.017666984168446,-3.4956170180753614,-1.895531225967023,193,33.00889691803197,0.19120130114959183,32.57536300761905,0.1167976427872677,0.013133850291619065,1.9349637277640237,
962,1735.797048521244,732.9725233744592,0.6768186219386648,0.0742378375810652,0.13333059444035214,25,2.8394649063656736,21.00698800613457,-3.3059094687007082,-2.3444475458967724,245,23.488503029997435,1.7348970552701792,18.974463401435216,1.5732970889601852,0.192180813855923,1.9273999555659258,
1574,905.415870788886,1529.2089818510262,0.5847641280954756,0.33186001123032366,0.08222660568185101,25,2.218354738752894,19.58229726075747,-3.229659097261673,-2.124565634019582,272,20.342875836259626,0.20567709584714863,19.847342102305053,0.1577623802683119,0.024359079706484876,1.9116761552951629,
973,284.11506713551404,742.6304510569901,0.6704092739145857,0.27600359864585206,0.41016677303728566,25,2.9767493811513024,25.30488326980551,-3.5080108456753174,-2.331283037611375,189,34.486337198146806,0.6298349821607915,32.87050043581068,0.5826544970051748,0.04685440361648363,1.8832412523432716,
1434,2373.6106476464424,1299.5910692316238,0.5687076565554364,-0.07270004456145909,-0.005028085610094136,25,4.23840771768483,46.053170985215296,-4.158148847133943,-2.69921833832705,67,64.20382692566622,0.9889536113644359,61.77819331040969,0.8949762440328398,0.037780203009781244,1.818594183190852,
411,1884.4372504150372,393.97267563779656,0.5707986785564447,-0.07033401082062206,-0.10398579365517023,25,6.712524576893367,73.47424341937081,-4.665337806851959,-3.188202978645958,18,97.54549837542729,0.5444178665482159,95.6861420680478,0.8664322313414786,0.01906142608676109,1.8170607562289014,
1644,2.6323369872393374,1623.8598016393728,0.7736016745424386,-0.276184364515023,0.16500989571300143,25,2.5660927338907884,53.910289225235964,-4.329179154492156,-0.47200723329461747,40,42.58057621257457,2.630156295543103,36.19441848316474,2.4700138416523094,0.14997818952773867,1.7699295875410113,
599,1763.6340654722044,530.4784397030088,0.6856393482754582,-0.12577092071453366,0.06257229128510962,25,6.434376039093376,47.3551327780277,-4.1884176466461644,-3.217547539694265,64,52.69799104754629,0.5801135745512489,51.3372329188557,0.5468905469688257,0.025821821698342573,1.7067967551700751,
1182,618.2673712283882,1028.113778396017,0.6254702189319626,0.5630749620592581,0.7442861819181364,25,1.6553706890030626,22.089197146095962,-3.3604498282303426,-1.397871177349069,234,32.721531832566406,1.177894378788813,30.100175805723588,0.9923648756004642,0.08011104248591105,1.701955631204453,
1787,1426.169932489069,1707.7365643935864,0.595400638771831,0.24642475208534045,0.24117131220656168,25,2.730718403443819,25.56393904991687,-3.519069433559202,-2.292356412176603,184,27.966236106758917,0.3645889900137933,27.174902553541887,0.2951718991800477,0.028296033481093996,1.6869310549484475,
1296,578.0021389746524,1154.631482901594,0.6146519619706979,0.30232794470881336,0.3215604608306182,25,2.870931340065038,22.348169171542846,-3.3731048755754127,-2.426446842650381,231,23.84896288816185,0.651534705473166,22.644478823490118,0.32015413990771663,0.050504672690384056,1.6591946519000549,
159,1875.0768639325927,173.67944896364736,0.6739584871536205,0.049469239017898695,0.19167165863674035,25,2.8253921356845613,18.74154256741984,-3.1820133341685675,-2.3886607847431165,294,20.745585437969613,0.6491367850426981,19.28746230158509,0.5979947358617033,0.07028594785837139,1.652083855296105,
1726,1447.8627241492015,1680.156063279761,0.6214332791269174,0.21700068897425015,0.14605031183592868,25,2.421285990340359,21.98773437538431,-3.3554512044888196,-2.136700419102776,236,24.172325398307898,0.3161008578486316,23.535478012601992,0.2364854112497952,0.026346136551284594,1.6132021475482572,
1527,834.3936109147629,1463.6678974387994,0.5133176085760809,0.041561984917830544,0.12519138704857094,25,1.5144038810713751,19.667409222145753,-3.2343678857374503,-1.495583322441777,271,24.29581912181204,0.2407633531811597,23.785878549960703,0.20688231562437046,0.020988819899203537,1.6064225374234091,
347,1659.1990682896374,346.08308185769636,0.567375558846274,-0.14910483913738312,-0.18289481789425524,25,2.5395167129331186,28.00165427114923,-3.6179592229635285,-2.1315116207610343,164,36.053954496702524,0.8380371394011003,34.31002637101194,0.7872798127480474,0.04836995414331258,1.5166795896727905,
1866,119.12633570097404,1750.6126272078027,0.5518063226446605,0.3888093145361621,0.3749702546446862,25,1.4161837702535234,19.67328883480727,-3.23469242031357,-1.2939730889382006,270,10.205577942386213,0.4521541845218461,9.323566057740518,0.4150496371997062,0.08642449155010501,1.4370473844893898,
1177,614.8406521858077,1023.4840156887143,0.7474282465236286,0.04117939745410543,0.29856694353639707,25,3.9975798908197673,30.844518825212475,-3.7229449990869683,-2.5900056184416567,144,38.55598440930313,1.0996444968901937,36.30730010462496,1.1422646158786474,0.058322575318180414,1.4182311514282364,
40,1966.1114573240627,39.444213956331915,0.8042569246044308,0.08995973524506215,0.12832779362267335,25,7.273301155904481,42.329211371287535,-4.0666004431972755,-3.281010735592893,82,49.23000925675244,0.2192388296389982,48.78729009362808,0.22262551345544387,0.00899287182367603,1.4169078480336559,
1616,100.72724739295404,1594.7875377388582,0.6390052349094769,-0.08455634358143782,0.22667030762264212,25,0.9817819217127235,18.633163083481318,-3.1757164626697114,-0.09098845064459724,296,5.426822978082662,0.8006704035128314,3.7489392959255454,0.8846946269616762,0.3091834189052405,1.406189370897369,
1819,368.7212499924691,1723.1019431329903,0.6346946473921321,0.48177738089372935,0.28596804293411876,25,4.857839049432779,44.81655033296612,-4.128596061275431,-2.8629060434903786,71,53.64065603838191,0.8708721398323829,52.17579121567328,0.7614275016696254,0.027308853599040006,1.2663059273395154,
2417,1112.7820536781446,2208.0704727004922,0.605332578730433,0.03967384622016147,-0.25541478675102064,25,1.7152371090839273,18.904209265886927,-3.1913962905140334,-1.6435288885481483,288,23.167607062771243,0.27936638803389396,22.71149668412275,0.23071655637553898,0.019687418619138697,1.258860972729117,
1620,104.72343561590921,1599.9543452880214,0.47227763346160306,0.33935659558764075,0.03928605129954824,25,1.2939642878921058,25.402705684313723,-3.5121999412728773,-0.5251168589196511,188,15.648534422904333,1.0706025819002793,14.004971537954134,0.8070904226912522,0.10502982838728725,1.2258621254767132,
2517,1061.1936093232928,2276.529865766629,0.6658039481119906,0.24781250181437506,0.24451628635352962,25,3.701067275517455,27.21054542401418,-3.586843117796106,-2.646135507839918,170,29.04796558044642,0.66724790064392,27.985400145593683,0.5864063663916611,0.03657968513870724,1.196166987816189,
2151,1158.016355438823,1954.7144973505413,0.5594910620676553,0.29652035204513755,0.1958635305385102,25,2.328698020734879,18.779077760234888,-3.184185650672452,-2.2746260929493225,292,20.047737455763357,0.24667131582646243,19.690606404522057,0.1708700431840388,0.017814032732089258,1.1901505103989336,
2461,1472.4475329313545,2241.2171363063585,0.6633773728641262,0.04213478655724873,-0.023213548626896913,25,9.293144498397737,77.49057609935628,-4.723122224107575,-3.582472451080887,15,94.71569077432358,3.7863832450293047,88.94653256740015,3.1056093084164402,0.06091026903524821,1.1780784481733109,
1714,1406.1129715735256,1676.5411005632186,0.5684033046492363,0.19363470097348462,0.03557194827493637,25,1.7498071040447065,18.829366050812382,-3.187089245969875,-1.7511756130206624,290,24.824348240166277,0.5718996002835709,23.966523545312743,0.45980482649097215,0.034555779130811426,1.1689875122158333,
712,1797.773458370374,597.9209893797643,0.7058209574154386,0.10318354694477828,0.09082040984594465,25,7.392051204189693,49.55623758046771,-4.237745815886967,-3.3824284938960014,50,55.46170999642206,0.9724311050910014,53.917180368850396,0.9054991135840101,0.02784857566907517,1.1624013945423919,
419,1445.7334742190212,401.7109938669444,0.5570341674622373,0.0538340333953187,0.12613227738410018,25,1.875507189624823,20.175601141447657,-3.2620662089839234,-1.842405049485298,256,27.346381544351196,0.5344861242415604,26.503419559874605,0.4923560843034293,0.030825357391779606,1.1599894678882825,
1665,153.76206480959678,1639.698972558396,0.5811381497783169,0.6336545369666609,0.4485504901318852,25,2.304655553291566,29.05769312547953,-3.6581528323170587,-1.8729441372689604,153,25.788071503711688,0.4766460895959593,25.02529232348734,0.4923766048448884,0.029578760091252376,1.1130704789281534,
1704,22.717262903478705,1673.0940985172574,0.5255239958993805,0.5983784648692113,0.6538318817502454,25,2.9511306717129626,65.61755131590154,-4.542550048901577,-0.6177725869679694,24,38.055909900030514,3.1027970081083716,33.09899482194443,3.331383206288011,0.13025348996009967,1.0888281851855308,
907,1822.6958421905497,700.8109470244269,0.6174148283752247,0.1427871178741614,0.10484384334153618,25,4.283190047158946,32.28340048902539,-3.772448184381478,-2.872683624690819,135,37.285906705016,1.135875106507563,35.801247806787615,0.7871506865184354,0.039818232394725483,1.0743125324043314,
2490,1961.0583583270654,2258.3037223288056,0.5777856038331736,-0.24889076584814568,-0.9321762387535569,25,1.7100730463208809,19.862533205813783,-3.2450865906537114,-1.626429579111191,265,28.888954608956972,0.27506543059744865,28.4915819311963,0.2503354279949572,0.01375517678432947,1.068419167122007,
2322,1190.5184173904424,2083.30961426543,0.5467889863407996,-0.045025385739047415,0.032074864308254264,25,2.388939254807691,20.83593630735476,-3.2970325529576767,-2.2781279466081923,248,23.0067121817089,1.3308156993143154,21.380360174318557,0.7890329400814192,0.07069032700306244,1.051198721982744,
1682,43.58265737399327,1657.0806436216492,0.5944899033899496,-0.01765655907024348,0.5315800747650444,25,1.8053829851660264,39.78933429613846,-3.9994166828790294,-0.018961480989227526,91,16.146633452166654,2.689811928675164,12.334511411632803,2.551311551682256,0.23609392334488877,1.0282668070939642,
2504,1466.9395522758682,2271.0875831651165,0.5563113850752848,0.500163554556745,-0.0005281587625916016,25,10.852389976994424,111.59591985254136,-5.11912079076197,-3.7883110058582155,3,149.59090991778032,4.392072266751062,143.29191615004973,4.356983966450826,0.04210813191251195,1.0181727649911514,
2409,1135.7729947288476,2201.271513192237,0.5421867801049882,-0.3161406854097388,0.03703723665764341,25,1.8264734966092082,19.928519557576248,-3.2486875929809784,-1.826292164263306,263,22.234978794535003,0.3964161222645063,21.745804135823754,0.2765581322521022,0.022000230503097296,1.0120442779523167,
1634,106.95602212779556,1613.4728556554096,0.6800756444172693,0.48085089898546823,0.2930844967302728,25,2.098648438051052,25.54737212252517,-3.5183655849163835,-1.6601072600216136,186,10.91347319648073,0.8985321283709884,9.610084542743422,0.9367806749798733,0.1194293173467097,1.0041175290517161,
1860,560.4802783079663,1747.4224722283066,0.5114012495578953,-0.21500164270428984,0.007669946973490306,25,3.6689349428343556,33.66360675559708,-3.8179016122945364,-2.7782295617349373,124,35.54308831979394,0.2131962979615036,35.2688019878119,0.178089854647998,0.007717008986787732,0.9873785617237023,
774,1822.4959944145005,622.497179120589,0.5575556734025547,0.037666688148621744,0.5289333806656353,25,1.4680345717415497,23.49166666858139,-3.4272845746484384,-1.0716615672216516,216,43.36019114271771,2.749697144283929,39.556328757008636,2.901454119966897,0.08772706682009002,0.9515822313216865,
462,1928.1344007261343,440.2040326629453,0.5807395129449896,0.019429225657844416,0.11923036135307778,25,2.214395464153146,25.605721872255096,-3.52084255975213,-1.9175369283252153,182,37.37879661930974,0.299014833313003,37.01399253192043,0.2411569646863499,0.00975965307563842,0.9496547187195566,
560,1754.0228461392444,508.0458209923431,0.607254426127089,0.48082505858453467,-0.09008679815174496,25,1.8422744435296836,19.065198663821366,-3.2006033377079173,-1.7804028028772658,284,23.69736215700714,1.9740185668844656,21.150797411671128,1.8634945669233802,0.10746194991930835,0.9380798289241774,
1695,1555.2142774776617,1663.7399785607704,0.575069989684678,0.03253598370111404,0.0872846308188982,25,4.071238112957348,32.87330794539006,-3.792108520178608,-2.8485938646522064,129,35.493898664833665,0.33807857424220344,35.08897751388057,0.28179248202935603,0.011408190313967337,0.9200279636822738,
1722,260.7958551518785,1678.7667125975706,0.5414781855684567,0.6509273693498534,0.29054869891874674,25,3.23350218970384,34.786682194184564,-3.8535325239048177,-2.486026641262858,117,35.599193617329064,3.4680448055626045,31.980263059525207,1.9876369047060336,0.10165765541504357,0.9053542869711659,
1107,1740.8979507959666,906.562487762849,0.5698148432365756,0.30140538314149834,0.24224020916926173,25,2.2162869607630853,18.80415726271212,-3.185634686545069,-2.17459609954527,291,20.975965656815855,0.41812007478102464,20.4874726420147,0.3474790268814797,0.023288225333379375,0.8985268692183357,
1716,22.011317985522727,1677.2321786936084,0.5048239403574412,-0.5466962037728919,0.8716118733160738,25,3.0478922431489446,70.25152406052747,-4.616639376029893,-0.3078504315811451,21,49.82085869756894,2.3784125553032225,46.89348035720934,2.4219048568546735,0.058758086811186216,0.8623946886210601,
788,1815.0573719436975,626.7848421457865,0.5654093713966236,-0.5617221932229058,0.2923379581934473,25,3.008567131879053,35.65182012240184,-3.8802042666714898,-2.2759035263365472,112,38.371909944001466,3.6781038452385113,34.27845090822362,3.1211772747571684,0.1066785323365892,0.8485753909827869,
2159,2160.1903802837705,1962.4704634175969,0.6630877198297762,0.3429450637394872,0.11380184642906394,25,3.277402140073712,23.334933098292762,-3.420016400230574,-2.5342678476002387,220,27.4560724395304,0.530546506464919,26.85550990391784,0.5064652312477307,0.0218735777644542,0.818789937415717,
1525,36.630913395508,1455.8326924190123,0.5229794724849786,0.35177749912820183,0.27491678681403825,25,1.898908349279625,21.961334062168856,-3.354146795529007,-1.8678219521783668,237,15.99827738097266,0.27229694557881884,15.71051738228785,0.2225658117251048,0.01798693645773719,0.8182360982326153,
1913,223.62727563768675,1783.641282696595,0.5802074034633936,0.4495907454078305,0.2505457254361622,25,1.7609715182143952,19.27724076347097,-3.2126121788242874,-1.7291207996586864,281,17.64555176807459,0.9363133745714783,16.60506749643977,0.8877793926945868,0.05896581106164833,0.8063988927222246,
2446,2096.000532282552,2228.550543666525,0.5826808897989794,0.22470177088368323,0.25056167672839585,25,5.302023330373293,43.17558654759588,-4.0880956156076556,-3.1205722201179404,79,50.91367994218806,2.2467244421163453,48.68710415967186,1.812212763391392,0.04373236790278079,0.7713754739953577,
2511,1474.827043634825,2272.1875127197245,0.6608648388343179,-0.6488267314768896,-0.0044899890486983386,25,5.783831217217515,68.1738341771912,-4.584044299803628,-2.823890549086228,22,112.95901976113899,7.261999525005329,106.03776621305364,5.565953237711892,0.061272252208994904,0.756448382873071,
2448,2035.441081583165,2228.686193559422,0.5784678149446723,0.09311583167247253,-0.058688021843075824,25,3.6098999582764124,32.26660750929226,-3.7718832658924257,-2.657895805518387,136,41.01035392719048,0.5405873276064803,40.48072066714777,0.4820627741227118,0.012914622999426362,0.7312286000685287,
784,1822.639506343881,625.6549646690047,0.5116806018300132,-0.0332256161490392,0.34860124345541565,25,3.23915567868677,38.2454750154875,-3.9564501482630425,-2.4614680561478814,101,55.47768542811314,3.9210966532744704,52.1126301700842,2.9700781526813755,0.06065601389209552,0.684096160293086,
1623,1444.7221462500322,1605.3348284003644,0.6769727899162545,-0.0040425292322885,0.11844699699859881,25,4.380884843008454,31.920770457659604,-3.7601834129523652,-2.8177991634458213,137,35.80610635664459,0.3882492896323374,35.458587940177544,0.338691089022706,0.009705562872589613,0.674508059214382,
1876,360.2791158834466,1760.2363114497575,0.6341156680811256,0.2527371648027259,0.1137234551420919,25,1.9300249132373553,18.573653916080364,-3.172243372635821,-1.8408902162793397,297,17.60200272275933,0.7516974876080066,16.92149444104946,0.7083389450843021,0.03866084402032133,0.6588602410450373,
690,1782.3173304021843,586.5127856329376,0.7405825526192406,0.30603964155673297,0.027787763933579582,25,2.2170044779903657,19.073491032775554,-3.2010754737676654,-1.9081239735595283,283,23.264068841512742,1.1654596765276322,22.31510580662541,0.8851385252066966,0.04079093134361722,0.648430207245485,
680,1762.849336839687,582.5034435107383,0.6728975541593345,-0.15901732398883522,0.060720927494858065,25,4.590017691445548,38.50137871912971,-3.963690704251066,-2.800851840694798,98,46.079271879060705,2.0062551455362305,44.45312658909809,1.5061444457939566,0.035290168955589896,0.6482046834204611,
1022,1670.5806204616003,787.4890011510158,0.5756192059506733,-0.5591290722585484,0.36506485846869435,25,1.6408983680466072,19.402439714131905,-3.219640856754242,-1.5867835629965295,278,23.31349064674434,2.663870347152044,21.013554765163438,2.4699365223633,0.09865257487308465,0.6331134628588436,
1655,13.786166915728158,1630.9243917906665,0.53062877859204,-0.06911642047162879,-0.7133677161067188,25,2.5057779798351385,57.816452606725164,-4.405128603817985,-0.036186520454597054,35,35.829576205221926,2.99372371164903,33.215415868389115,2.8673826855449653,0.07296096168873512,0.6306185458800903,
1958,1309.6529705923429,1824.3292064195548,0.5199835618277103,0.21036501765728835,0.31879838258642973,25,2.2355311132974895,27.162969782721483,-3.584943126257884,-1.9937005585537566,172,42.03744627141716,0.6889120359912805,41.50481780446082,0.5327858589397758,0.012670333576340287,0.6115864735202592,
648,1762.3258642163137,556.971215146594,0.579989878742856,-0.07718210670496518,0.051445255708382216,25,2.1169172419477658,18.70930500961574,-3.1801441378982336,-2.0882264818900422,295,17.95424502438682,1.613907998992172,16.618664511229817,1.4839059640075984,0.07438800747917373,0.6091828271790164,
1681,18.928752831855064,1655.161733209013,0.5956081172328882,-0.04169064852004163,0.7361520643206335,25,2.2987264321895786,49.92584833834321,-4.245813632806828,-0.39269102070981876,48,25.972759629932284,2.3651044987532894,24.029415606936638,2.1788712379665185,0.07482239279479719,0.6043162016567177,
1464,1957.5621377187847,1329.7569509381328,0.5314092485393024,-0.11484398190134636,-0.053235698509830245,25,2.190883481444277,23.148155935120048,-3.4112909982012622,-2.0764214415775246,223,29.874493214727625,0.2042867157487909,29.71512467631353,0.1740215967603771,0.005334602239730368,0.593863109531419,
1702,16.518438843310236,1672.0853526223245,0.40389523923534065,-0.09872999880769805,0.17040938246770274,25,2.18593393006011,49.581112089386764,-4.238290659088156,-0.32648034318043906,49,22.14898624584444,3.5281426569613297,19.34013060603239,3.7241178331777016,0.12681644246083923,0.547535792462208,
1845,5.475408221393006,1735.210696543169,0.5929990613760783,0.2609262311078635,-0.20986422260842025,25,1.2880362384064938,25.55982821459077,-3.5188948266006865,-0.28125988394935203,185,-0.17162158791113313,1.4327449716409937,-1.2478812346829429,1.3584986972512056,-6.271120433456801,0.5451056919895019,
1706,52.348910747350416,1671.4147633133357,0.46145855996750645,0.3841183756411815,0.17498672903452925,25,1.5810316982151684,34.98773087258196,-3.8597894431269584,-0.09438899867678349,114,15.444018259829434,2.7484340724230605,13.375681408188242,2.6899892026360486,0.13392478672607022,0.5378215311207467,
603,1726.3370519683247,532.0057202777976,0.6421258240378696,-0.03359582951186955,0.07628812430050477,25,8.060726143963574,58.22067457324536,-4.412693082701195,-3.537757145247355,34,63.55106127921367,0.9038327110905655,62.840966030019935,1.030816773344364,0.011173617480185083,0.5179595118810583,
1624,13.4672333460163,1606.298876591228,0.6810967601670245,0.250379595957764,0.10811818861693988,25,1.977653751192267,36.08411912553038,-3.8932902697481344,-0.905038098820065,110,10.376058578825337,1.5436301235679992,9.39728058876453,1.4579623923736833,0.094330422541968,0.4609678619422855,
571,1765.6689355875485,512.1691802124708,0.5709122108763096,-0.12860622473709976,-0.09286313606883918,25,2.113598539135465,24.783432148970594,-3.485403624363977,-1.8584993265129535,200,28.280427784622077,1.7539100588815328,27.237208977709166,1.508705618744483,0.03688836727852385,0.4509219798435751,
2007,1322.713613896592,1861.9048798233678,0.5418708603308638,0.31833079460554775,0.17140827439842576,25,2.871615869174213,28.756386116351365,-3.6468357657910664,-2.386275559881393,156,32.07161735088516,0.6879683925175051,31.6855489341458,0.5658293740645597,0.012037697148712945,0.4334118965746824,
1380,1734.50272165691,1234.019200693418,0.561204007176247,0.18941656599700454,-0.1831810494236884,25,2.6646278608176743,31.731512560127218,-3.7537269357553056,-2.12452484384693,138,40.373081511747706,0.9463127165422042,39.804059410710146,1.0146644556814168,0.014094096356553454,0.4101171534808201,
2153,1635.8141987466215,1957.332503246208,0.6059478477810416,0.07281979159797634,0.09987608964557436,25,4.9354697879569915,37.2392734327908,-3.9275029974214952,-3.041956910303851,104,41.60825101635406,0.15464229634888735,41.53371831051618,0.10173947659560521,0.0017912962938189114,0.40264332177621054,
1496,202.31242712342936,1402.323330552207,0.4913037168205842,0.06673057479039524,0.03191413725986403,25,1.2832668995460683,20.298161835384864,-3.2686417769388694,-1.0532229297323579,254,20.97641097923156,0.27952620385383536,20.840174350662164,0.19129718421292333,0.0064947539740846105,0.4022131966786237,
920,1747.1408031741514,706.406055754522,0.6606990605121063,0.1969419194630361,0.14494436727497112,25,3.0091076043111107,23.599868999400023,-3.432273980624885,-2.400330202910997,212,24.615695594077252,1.2698389315562852,23.970751133010488,1.1537933798321034,0.026200537726097983,0.3759008647510882,
294,1922.1370606076507,315.4119482173784,0.6130532899247689,-0.4475793758729415,-0.5518412664469607,25,1.9882090073904781,23.427727766384336,-3.4243254220499573,-1.7444074116139743,217,32.683024827436405,3.5123737253446303,30.99240727333971,3.237924585725781,0.05172769543281308,0.35389852618804574,
1944,1293.168889232555,1814.9784321155526,0.6125478379200427,0.28693667301208214,-0.011452801584653966,25,3.235803670604245,28.257039856037345,-3.62781666045481,-2.5023171121386225,160,34.527816869259674,1.2398017711043792,34.02951542392419,1.0217662125433442,0.014431883927741973,0.3101619376035349,
1505,1224.522728326447,1418.8174687979613,0.5331117774969139,-1.422852546975171e-06,0.018333870763516457,25,2.1896434397224107,18.965241234413526,-3.1948959280515883,-2.212453776958791,285,21.416395911204486,0.14441020797281698,21.36531262031608,0.0801750276766028,0.002385242180813485,0.30927017027333253,
1761,7.5453487235141115,1694.7382387276193,0.46029553438981097,-0.26323439210139465,-0.09424352560607266,25,2.328965621421391,50.86559829990609,-4.266060392988752,-0.6115711923242655,45,17.644115149833112,4.747571579782825,15.597935508169698,4.6414408447026005,0.11596952435910446,0.30818471795834973,
1744,5.310195350055561,1687.294672565289,0.5704246007836052,0.18381579628973435,-0.21080439135209092,25,3.135801079166307,60.299161618729975,-4.4507781847081525,-1.4074650136610516,29,25.862096264437156,3.6699633059026366,24.357774159949017,3.3548609644978478,0.05816705997482208,0.30254076770817767,
1838,198.72004449042433,1731.1922549629817,0.5546396667021597,0.374290200982654,0.15902025656034277,25,1.5016401787677727,20.390217683830645,-3.2735546557133492,-1.3654488902121429,253,14.11576289722074,0.48810451506591157,13.944673982037536,0.3683639787170418,0.012120415767035264,0.27978346848178215,
1432,2329.029464688231,1295.5034124500967,0.5969349610712882,0.20869516001691663,0.3078198031622492,25,2.6792939997183316,19.442095994093624,-3.2218577077513584,-2.412812445816689,277,23.473918295871815,1.5715501015142834,22.905124361636894,1.338480711326982,0.024230890091108126,0.27553951152429473,
2469,1480.8981549064447,2247.742975867441,0.6300192932321803,0.2971448427612275,0.15419133059838683,25,3.9411197898302337,31.425460732890286,-3.7432041341356466,-2.732607434124561,140,34.52659688269513,9.39720532066298,31.13863100169247,7.94833814166722,0.09812626169075822,0.2752683598438141,
772,1829.240709837136,621.0400339252018,0.6204731428266433,0.024382035641147208,0.049575197197246505,25,6.2660936416219934,48.48485255877608,-4.21401519817381,-3.2723641888266735,58,51.20246597314007,4.195311418715179,49.5510372501822,4.2902586193885694,0.03225291383083351,0.27521152976455476,
1888,41.4882927445363,1765.5589943303582,0.5644542969967624,0.41471768087350397,0.23221918579512668,25,1.464477727439386,24.931843640277798,-3.491885986391243,-0.9276367962597138,197,7.633141608108986,0.9990483659127374,7.2796165314868375,0.9530074098646548,0.046314492088890935,0.2560485001914046,
1627,9.213403515786455,1609.193264992734,0.6019098096029166,0.5144931492761293,0.14149870109655696,25,2.3861356956318547,40.49779899820528,-4.018578551313886,-1.4214045869563339,89,12.151259480548333,2.1806675767919295,11.419860561142215,1.9522405954300066,0.06019120244917309,0.24989135112545172,
409,1898.525232581881,393.5120503505725,0.5664317568960225,-0.16968286225181264,0.1878589457345345,25,2.535680768787743,22.4714529920293,-3.3790778864349185,-2.297538459074731,230,25.289673885988517,3.443874184128188,24.250476807527853,2.363998801089585,0.04109175480655047,0.24878009878156812,
2172,2142.5162241006788,1973.6411336355197,0.583546191391661,-0.07061448236866705,0.05229271919299735,25,3.4886516018114033,28.743299389735473,-3.646341546283293,-2.653513265500541,157,33.4128637234926,1.8549855228580612,32.8432652120765,1.6649518294578618,0.017047282032746303,0.22851615849012605,
1540,1000.3254817797792,1478.3600646977347,0.6056841984064659,0.40611331085282526,0.1493635027557715,25,6.516601637758566,56.091877317217936,-4.372249938714502,-3.273189683052596,37,68.23665442452575,3.5372991496607575,67.22464552084487,3.2148597749920964,0.014830869306469707,0.21172008371034232,
2222,1296.5982264065517,2004.3316406614238,0.6642809313371465,0.13032976959248654,0.004760969480124706,25,2.123841304600261,20.15935372662674,-3.2611915132012417,-1.8996665789613656,259,24.99243079450981,3.155893320576334,24.07287432733676,3.3903013829474458,0.03679339855869701,0.19853003874703254,
1707,253.2462066733488,1672.7129430345703,0.619633752333207,0.2138131340948253,0.26311277835791125,25,1.8282387400138413,19.825580718739158,-3.2430647931582435,-1.7182105307033098,267,14.383681016412297,2.875779207485342,13.64009613647372,2.7657272422660326,0.05169642451679235,0.18636649633704558,
1615,132.43106566173049,1592.4759647359876,0.5967549006130498,-0.010165458640460862,0.3177652850857693,25,1.8212472409409812,24.40853757135478,-3.468854399002102,-1.527403823992344,202,14.096403894048102,0.6088235497692559,13.962413054918425,0.5938416690262684,0.009505320657437366,0.15754755169723414,
1924,25.62698469487431,1796.9262492822643,0.5901453751090796,0.21298170535692132,0.18727732752835,25,1.4592123399839727,20.540045163292614,-3.281503485464152,-1.2373763269567934,252,8.801297353575379,1.0692827798336226,8.560728920645683,1.091965020134544,0.02733329227105008,0.1574074040327767,
299,1911.9401577876044,319.2268278343621,0.5902326975031594,-0.0044506418990523525,0.202002790265844,25,3.3082269504689696,34.403041925040995,-3.841492111723327,-2.4282695481713135,119,43.09465497967132,2.4577830444873285,42.60192453971539,2.170492272342653,0.011433678728565266,0.1502692550195589,
816,1827.4857153644275,639.3769883375705,0.5834573963698397,0.24194530544536896,0.020991254946752167,25,3.177640701327533,27.408724128172008,-3.594722049174262,-2.5346379290848438,169,28.564745622826678,3.938916627878452,27.834174073633086,3.6130808042498574,0.025575986526894745,0.1366822330835509,
1902,1490.7672781700267,1774.8429035601164,0.6001652849004122,0.2576054655263493,0.06377046299055532,25,2.7577179391072226,22.341560458320778,-3.372783758427299,-2.3837866317770633,232,23.47193018980026,0.2324758599454223,23.43187710986669,0.1868239246197027,0.0017064246361373492,0.13429731346705345,
2339,1195.0514619952053,2096.1354082497733,0.6192527481313874,0.3256624850795512,0.17406846635820641,25,2.628174796084463,19.878995505658054,-3.2459860888137637,-2.3375932576611818,264,21.291569459160627,1.0518073515507849,21.069660880291778,1.4160895664555688,0.01042236831317167,0.12580028557334522,
1467,1323.6714190584469,1337.7362880473308,0.6529424867237634,0.20877904007963516,0.12883432911723042,25,3.027876259981073,24.274346261891306,-3.4628688566276273,-2.4055596449925383,203,29.55363236304709,1.0597776113883446,29.3596636701227,1.1308932489976977,0.006563277587729677,0.12515286243933826,
803,1784.0885429139205,634.6816777958513,0.6871254290784993,-0.776187754640032,0.11325766655806228,25,2.1394899069589837,24.889575694109663,-3.490043732554277,-1.7219501930288075,198,28.21541064693652,2.489996797279745,27.876701917515177,2.1853337985360897,0.012004387731926136,0.10223719678315858,
1694,23.72728935734255,1664.4592006336213,0.5509564628828659,0.35978975112831046,0.8514818784679106,25,2.408866528001938,49.254999006670985,-4.231125786618921,-0.8943589785063912,52,-0.45279818286478246,3.611102850674022,-0.9358255983219408,3.480933273261781,-1.066760940605195,0.09630363925706835,
2119,199.3913768830531,1932.7588053226036,0.5118907818498132,0.09062758663094457,0.15996596347822947,25,2.1804600531031637,29.37471374463663,-3.669934107796889,-1.8483537531976828,152,31.210518876197952,0.3788591593586188,31.163945547462898,0.3236768989534294,0.0014922317991505896,0.09346479272857017,
632,1802.1090902543312,549.6672968989908,0.48214223639419246,0.5413189182074075,0.15116297350582888,25,1.7936279773181092,19.705348462909964,-3.2364602979762513,-1.9097095303520983,269,20.465518712382863,0.7115175588708015,20.37842836973402,0.6436283756159077,0.004255467152960435,0.0907725696259525,
1621,97.85725536208805,1602.2378145619925,0.5713484520134734,0.010937607207081115,0.207447145911279,25,1.3590432661606018,24.052051338388505,-3.452880305407777,-0.7348593156992288,205,9.514229294489276,1.0179849912628012,9.405622963239978,0.9125978584201517,0.011415147552960914,0.0794393327336617,
1480,1344.9810877330224,1370.963583031167,0.6257091995107374,0.20812006524651042,0.11808050708098812,25,4.2929425790956435,32.46943957614933,-3.7786869818755737,-2.858524767892048,132,35.848816148905414,0.6184289941374649,35.78429265878271,0.5503738836843337,0.0017998778496531864,0.07793932239741082,
1628,91.59569213987994,1608.7439993536505,0.6560202677200365,0.7755183287064411,0.19116750547940234,25,1.5004891967335858,23.643456598856464,-3.434277423339261,-1.0044682619048668,210,10.096870999250818,0.9362814464163332,10.006542868796387,0.743312639232436,0.008946150788807006,0.0755589904749542,
1753,248.51044356123793,1692.838593174418,0.5005457364407934,0.3928555316742549,0.11634527310234326,25,4.233308720329251,44.370677139282684,-4.1177401412983725,-2.868045910712768,76,43.101449998932424,6.1338840259014065,42.58096836368607,5.529726637816643,0.012075733769032038,0.0630239400048904,
1648,34.519196474673954,1628.783807167333,0.5777732973936156,0.4717514522523109,0.24370507751732842,25,3.2453411314861027,51.052987404041374,-4.270052900588669,-1.9379111949053696,44,28.34515433787675,2.1980915640263237,28.207691551815287,2.185794712042801,0.0048496044305454955,0.04434443763977717,
1547,998.0381589525566,1488.1595568276855,0.7185359878891908,0.2431295927065159,0.16379271117875385,25,4.421638105296816,30.76688678404364,-3.720208883540832,-2.7888362285055712,145,32.41735647602892,6.333114196052369,32.07872834454335,5.531652009840223,0.010445889742304204,0.04027080066318576,
829,1787.5365380228568,645.6021879260968,0.5899795033663281,0.3449677319482978,0.20640985146220883,25,2.260497223797488,21.653606135184862,-3.3388255824619577,-2.0834140782167045,241,17.237448192197093,2.5423609918298093,17.10056045285384,2.370625077431913,0.00794129953673861,0.03937937770973907,
776,1764.1596568547263,623.2879485919198,0.6203905520222572,-0.019965568801507003,0.052637547429540854,25,3.3450321720207823,27.71009763701519,-3.6065951400728857,-2.5497515228997187,167,28.12622455250947,3.8148421711731753,28.046393187193548,2.930289655683492,0.0028383249649053255,0.016595695658160672,
150,1756.658035491786,164.9086624782211,0.6557940973809163,0.07804822373497651,-0.04328694370882557,25,5.4374497497746095,44.52469518021004,-4.121502387322711,-3.0325399298472795,75,57.577695919056424,0.7563940067268613,57.565623210749514,0.7650165528488885,0.0002096768221480083,0.011221897679797008,
792,1824.1902079065756,629.1890993302108,0.6942783766401166,-0.311751064888035,-0.13754128924237613,25,3.777610289762693,37.612050960260476,-3.9383175396473353,-2.4639039489664474,102,47.768519270693794,6.344190382641239,47.69715939225147,5.508922744414656,0.0014938683369677408,0.008492998270119767,
1754,258.7249953371143,1692.4576314918604,0.5906047329878646,0.7137918121266286,0.30708270845722363,25,6.067041594702387,59.5512657021519,-4.4372274910213285,-3.147103568575486,32,66.7769917551175,4.555585493974943,66.93407377148242,4.559615545841035,-0.0023523374179681422,-0.024371102213301944,
557,2093.0741090896845,506.854497195746,0.6055041111823792,-0.015504546255425359,-0.047655827157700954,25,4.0462445963257405,36.47733840208677,-3.9050578554281623,-2.734757353334868,109,48.867328324604195,0.7095666991175906,48.9025331013814,0.6588919801431925,-0.0007204154183211298,-0.03635694166476949,
1650,12.98750833187857,1631.3881525958686,0.6399388870309197,0.5974513962562755,0.4678117300576398,25,2.581579496976545,58.7366388318773,-4.4222727266563515,-0.07575557425338605,33,33.74970566481743,3.3817143552039357,33.9889821503634,3.194010536900476,-0.007089735475690695,-0.05143923733896167,
2304,510.2282159088732,2068.6803453813986,0.5166036800051546,0.22208745586535814,0.1812361120699687,25,1.9607401712490231,23.500822782451234,-3.4277076688307346,-1.863458192396559,215,29.635628845693684,0.16361634866605115,29.648093083056363,0.09349030686950391,-0.00042058285409019014,-0.06614329205497466,
1705,31.978711868259296,1672.2215970204763,0.680310397964049,0.9110308116268452,0.2936278038563959,25,3.3112659583761994,60.067279525345505,-4.446594907490943,-1.4793511236600771,30,23.926794682219807,3.2860575269701124,24.397528651013218,2.946272581477142,-0.019673925197478237,-0.10665853070598409,
1617,386.50832710971775,1594.0815423542292,0.64049041979617,0.12906164555211738,0.06261427671722486,25,2.6356528890299273,21.356701093235777,-3.3238354233666523,-2.2710315625187474,242,18.206232727489557,0.2603703940634464,18.245534176130853,0.20736819616765564,-0.002158680998400886,-0.11807279076698154,
755,1769.6164807890543,616.2177070674135,0.599036354637981,-0.20892372735512696,0.026316134972337566,25,4.713667682523276,38.50450762665518,-3.9637789356407644,-2.9689668573442067,97,36.321890152956264,2.5456349245240517,36.792600978418896,2.7231998487741667,-0.012959425390044688,-0.12627230788039248,
1450,1329.2264941412118,1322.6016593301943,0.5218085658238182,-0.05226077173550619,0.35549859148227153,25,2.8472718703230644,30.4437690997499,-3.708746048456797,-2.3848849578109053,147,40.488482341990675,0.8074735469346214,40.65398730978147,0.7579803632053811,-0.00408770490315824,-0.1494406687053553,
330,1963.6265590495925,335.84992750917274,0.5891373017889534,-0.25692921851621575,-0.027847767410615027,25,1.9508162821166108,19.851699856237705,-3.244494250868279,-1.8988092018351286,266,31.25426019481307,7.4622540596096965,32.75870204023466,6.625759279841521,-0.04813557691156811,-0.15075663358800218,
1942,25.607588864097348,1814.1651239381945,0.640644182135419,-0.2554458016625346,0.15445994847729527,25,2.0525536922775958,25.75958202304312,-3.527347029623294,-1.6921781197806454,179,17.370317380206036,6.0819489274095,18.627660974382866,5.656230867594451,-0.07238460683565906,-0.15138497595282135,
1752,14.246029194838373,1692.3977118625508,0.4495180280149637,-0.1551853883172398,-0.0831923157186957,25,2.2402564190361334,48.613739719612056,-4.216897578561665,-0.5996555982968175,57,8.678712251010353,4.666903964880684,9.782378294956928,4.706299697823818,-0.12716933250299767,-0.16651784787960466,
2615,1121.8562297749188,2389.992728374512,0.6305526016815391,0.17199901089064354,0.04602338585233507,25,2.5347067832138315,18.493108316944664,-3.167524783501394,-2.2946421153853693,299,21.728300458153733,0.22938510868112016,21.798619936121284,0.16633439571427125,-0.0032363082470705518,-0.24817575609732953,
1632,64.80541320921597,1612.0927251310993,0.6940174077170432,0.34319918187188164,0.17931625470291418,25,1.6001247225196054,23.84976317039447,-3.4437101770670084,-1.0908150033381365,206,7.743011618714412,0.8681549259980879,8.069353102590647,0.7831758259570525,-0.042146583260638026,-0.27911226229086417,
1784,194.16236327768385,1707.384090190223,0.6560710938523167,0.6904123991990488,0.25304233016341515,25,2.191915487176403,25.58418291854507,-3.519928878692115,-1.7837427321892463,183,19.02991856797146,0.8454713463086543,19.35911294359811,0.7621647062022033,-0.0172987800473674,-0.2891993786336349,
1807,490.456979941706,1718.9013069515918,0.5570563418009764,0.34900441669974136,0.07865146263116511,25,2.5656098016214672,25.060455262743506,-3.497472390937166,-2.2740419374375036,192,24.996512435098666,0.7379896722877667,25.2813828154003,0.641247708108323,-0.011396405040154045,-0.29137853943329134,
2476,957.8934746052056,2251.574107406423,0.6329518109321756,0.4241452890226816,0.27639549430218874,25,4.94755453179908,36.52339562615293,-3.9064278691125445,-3.012305483092403,108,39.43346886694265,0.22583382892596918,39.52593284739381,0.19126212196274955,-0.0023448097037357396,-0.3124387305369888,
1724,18.746670419627844,1679.7840719472727,0.5413047600664802,-0.45416299154333745,-0.36557111917656754,25,3.311747925370314,72.24094765653535,-4.64695858604133,-0.8751289023900689,19,52.87771071938728,2.4767035491217366,53.97178179098036,2.2805476875217625,-0.020690590736787362,-0.32496424032908544,
1739,973.1165881753216,1684.355288490808,0.7777319779156551,0.47270193532990823,0.5070833872934126,25,2.251843330624781,25.29603822697045,-3.50763127221885,-1.688323071501636,190,40.84082165015484,1.9413950879927515,41.68988596640652,1.5458659966180446,-0.020789599277037718,-0.3421334055008757,
1021,1680.2442729114873,785.2824520162576,0.5527879526575081,0.07313456280720543,0.3785655972830892,25,1.9846456510188657,21.244313049141738,-3.3181067310337626,-1.9258164450233384,243,27.828112151970373,1.9092701115396766,28.735941678490505,1.752635033028167,-0.03262274931056908,-0.35027994633248494,
1943,1029.9586639721447,1813.8260809068618,0.7188100887112403,0.2805637378577916,0.19427295314024934,25,3.469094779643437,23.66060242209398,-3.4350644949880738,-2.5337419043127136,209,24.978870030861177,0.2345007313823107,25.09528661400793,0.2254073940171833,-0.004660602461317165,-0.35791004716053443,
1138,1687.8728841686109,950.7471206359854,0.6506692069439413,0.21974676300428336,0.1853640945591603,25,2.9128278650701693,20.771436648362144,-3.2936663384584426,-2.4258881431058352,250,21.886339767185852,0.22092143858634208,21.995646614792626,0.1787686064500164,-0.0049942954724049304,-0.3846246588397312,
2343,281.6924115096204,2104.929846643536,0.5720325520138713,0.7621829012695586,0.17844680388035752,25,4.136095372779203,47.59968620124924,-4.1940102241586334,-2.6327253152248487,63,61.21936096524928,0.761342205320764,61.66532052877867,0.7326545246383813,-0.007284616443195668,-0.4220664017099256,
1757,29.231059699364728,1692.9944717749631,0.6461739886726139,0.4860683297302308,0.09930620601064735,25,2.5115563631479763,46.7409687963068,-4.17424427434087,-1.1425629644599342,66,40.185340872011864,4.0082685443998285,42.8275282065878,4.051517963179917,-0.06575002917086503,-0.46360574973503804,
716,1769.7150668079223,598.9879510233113,0.5992059652857871,-0.09275789312903464,0.12815720701855554,25,4.8324731448239024,47.06522486341477,-4.181750344891833,-2.8869460591939493,65,56.70188521502986,1.3789476520191435,57.58293855239493,1.2772542861048304,-0.015538342932053473,-0.46874651980254783,
2044,1160.3827353365716,1891.1858034600793,0.5983239442731468,0.26748774387067104,0.041490906399638906,25,2.9125012696905994,23.637421031425248,-3.434000227380118,-2.4437705420250664,211,26.722445907466454,2.031409546295474,27.896064584296038,1.39526169855621,-0.04391883440960265,-0.4762245569423886,
574,1972.302184945753,513.0472450053468,0.49714351422497,-0.10618535929554575,0.1072829936093058,25,2.041491112450254,22.576411019992396,-3.3841372578233586,-2.040844061437467,229,30.459770532470866,0.4377222780731583,30.833876539642628,0.6049997011500472,-0.012281970633132522,-0.5009834692809667,
629,1742.457981605429,548.6446000951862,0.543862785221393,-0.2714076004730249,0.11563170519863392,25,2.979170850251281,26.405042951110076,-3.5542171956486657,-2.5140961100355437,176,26.896998410543407,0.5047004889801807,27.247029323600334,0.44014992308176154,-0.013013753717578957,-0.5226936079727378,
847,1825.0480808765099,662.1538595719218,0.6786559634990245,0.09075781980899639,0.13650083911000072,25,2.779296398352657,19.76758542429445,-3.239884060620166,-2.3354214793520685,268,19.61872162456274,0.6626454433355841,20.08208140933632,0.5583435137556586,-0.023618245553443717,-0.5347401195781188,
1971,24.051934217225597,1832.0393580584198,0.5878643827246474,0.5455983107170815,0.48346958106962734,25,2.3040482220441154,26.184210737215516,-3.545098719067309,-1.972872177761086,178,18.90787558898053,2.308454399166004,20.68500873518562,2.1929519689665637,-0.09398904376337214,-0.5581408669863233,
1660,19.3807013389495,1635.9894812041844,0.6531383475872898,0.3709910191787527,-0.06561980450908458,25,2.338874877199621,52.21632406122863,-4.294515737459357,-0.12291376586992292,42,20.40861083067709,2.318378319805359,22.128761013237565,1.998564394754827,-0.08428551050495026,-0.5619744300384348,
1816,424.78045935692984,1722.0172319373296,0.4223772145476544,-0.6195430619835184,0.34544502360775764,25,2.9995479379614514,40.618278158591224,-4.021803773418403,-2.376851522543996,88,45.11624479393005,1.0743234643115918,45.93098341987784,0.9579056586378372,-0.018058653366855637,-0.5660427038516876,
1731,13.426264963599483,1681.4688883955018,0.5680284254326938,-0.33735672512367415,0.13185700704036096,25,2.663279760960121,55.93473832454803,-4.369204026732975,-0.8333270610058169,38,12.385118772662707,3.7758972234660955,15.628199598598286,3.7228862842078865,-0.26185302583403014,-0.6116051070852327,
1766,241.49704750221196,1697.3038552072492,0.6954888499058867,0.26463091471759426,0.11073063597486535,25,1.646452549563213,19.345049395870944,-3.2164246074779737,-1.4180964090175476,279,14.553882491023877,3.0897902748882755,17.080931944770377,2.429446275446532,-0.17363404268964389,-0.6429295242491515,
2518,1475.7404314203834,2276.0975241569413,0.6185342122602604,0.2750885281488668,0.4232930804038392,25,3.096870729439523,35.23119778250562,-3.8673185212010446,-2.2528194218493507,113,72.9458555711621,11.387644686268189,82.68167923870521,9.852306344456215,-0.13346644016047438,-0.6465505820684639,
1741,979.7581970010665,1682.7611574724106,0.5853851745315994,0.45371384888025657,1.2013736684008054,25,1.629664320565641,23.4202973390963,-3.423981011203484,-1.3342121743299402,219,78.93107655314402,1.7177452670984181,80.59252329161156,1.5983321017879764,-0.0210493358385766,-0.7081012550025427,
2199,2097.6563273348556,1990.1017169989107,0.632584320247038,-0.04307228372035224,-0.03289899198799915,25,2.798114737119941,19.310090124077174,-3.214460751809707,-2.4229021437376512,280,22.110913809359115,0.77707534783667,22.81761575265423,0.6208254763453745,-0.031961679620675865,-0.7105240541144052,
1554,1016.7803405575203,1495.2159649040411,0.6221848619175194,0.18512894479313624,0.08331408484316545,25,2.153476202715563,18.526662829509917,-3.169492994431587,-2.045424556519861,298,18.913450805565752,0.5091239102873609,19.40703440038877,0.461588925570155,-0.02609696135819739,-0.7182321661311922,
1609,77.43936698589185,1586.5065421579723,0.6297043310148731,-0.12218146228107314,0.0977786017593362,25,1.0473239955894063,19.488639607242156,-3.224453811276855,-0.23502297461548488,274,3.6511176574543924,0.3941236411881713,4.048705444401236,0.3727773250984925,-0.10889481639549436,-0.7328930043799774,
306,710.9534556473207,322.5169527800006,0.8089269366456578,0.019689193453876833,-0.41208010434379044,25,4.4504434911400095,44.64359186234263,-4.12439782275618,-2.4638267617857834,74,83.82420189264631,1.110848600174763,85.01990379935758,1.0212470600935497,-0.014264399537529782,-0.7924065667647116,
1836,406.51134536851725,1730.4482025391792,0.5348978585144369,0.19864692365623327,0.19550359011275603,25,2.5044040365892988,26.279198406588666,-3.5490302845533876,-2.232481431215625,177,27.32726644599893,0.7653729203056064,28.099691722770793,0.5860370324540226,-0.02826573518790254,-0.8012972857790722,
1139,1745.1625427374872,950.8636971622161,0.74007154279395,0.5075880243920656,0.2090050833352876,25,3.406429694124612,30.011567997829673,-3.693221715904313,-2.3546368679119642,149,40.59633791362287,1.7060785114728911,42.503875652477404,1.509698220145696,-0.04698792642117677,-0.8373247980446925,
2488,1480.5111682250838,2257.558989004875,0.6041107341783083,0.2647067888626231,0.14446379132970108,25,1.982611767737332,19.458936120088737,-3.2227977309144484,-1.9057376980086007,275,23.79761564051078,3.8054728200897276,28.16323974008797,2.807330988108003,-0.18344796241458616,-0.923174758880539,
1737,260.75335602017634,1684.273801588055,0.6082307904802466,-0.34054054586751226,0.3348235903055505,25,1.8479700781824222,24.064304138145243,-3.4534332695074617,-1.5861113410167496,204,23.95391254896962,3.300667900195325,29.481351150582427,4.957614479267698,-0.23075305924712386,-0.928066181225352,
1651,28.216506991649382,1629.9565603382296,0.42444598480614176,0.08255307847810778,-0.029255437765338125,25,2.0305424272565036,45.84265504141496,-4.153174406148567,-0.26776900275133475,69,19.293751060166798,2.63580584984545,22.7470086799283,2.5534472252192977,-0.17898321632701975,-0.9409887586402181,
559,1736.772220982291,507.7892097051086,0.6108450385937801,0.1263004923713575,0.1344387281584736,25,5.973863308038878,44.75404214461321,-4.12708066627069,-3.2467005283572457,72,44.668405211431754,1.254140430270263,46.17969273890038,0.9919110438916013,-0.03383347850264973,-0.9451537864587207,
1874,38.90138872224409,1757.6954168094956,0.6269378930215007,0.1958620944050374,-0.1467026296850188,25,1.1663003190591665,22.86713043202384,-3.3980291723685734,-0.15965277484093926,227,3.27295600978227,0.9740510189191581,4.64184051757956,0.9363672656840533,-0.4182410346200631,-1.0131386104756364,
1199,665.2546853803108,1046.9593411341182,0.6579700841907572,0.14615914236054256,0.16161709086036494,25,3.4547972985565076,24.998383211886438,-3.4947798031938886,-2.5955885474046676,194,25.69745109612092,0.27097510684044185,26.201023683323506,0.4046980042879606,-0.019596207628491236,-1.0339449824924747,
1263,1892.4971220741168,1124.3881591273857,0.5968740836698095,-0.1804477465377708,0.06064297669000315,25,4.055760366798907,32.93718382860047,-3.794216159216739,-2.804326388747338,128,37.349949432647215,0.2556408783486208,37.73926376945442,0.2725113135135048,-0.010423423397379672,-1.0419211716510168,
1586,1507.2901266544932,1558.916207837272,0.6961265582790034,0.08637899189204323,0.06118430860855703,25,6.0614871439261835,42.01621569197901,-4.05854233470943,-3.1631388426561866,83,45.532312782783244,0.7011646753240159,46.520996819009625,0.6364100764572345,-0.021713898895121098,-1.0441096776974552,
1693,12.449172539065454,1660.862544892937,0.5104854577715914,0.4187949518569639,0.1834295169046373,25,1.7217104053435972,38.36153814604827,-3.9597400308495825,-0.007053915482605166,100,-14.744466865402387,4.5362908638824555,-8.199405435971855,3.458177254017189,0.44389949729470346,-1.1474280852363183,
513,1978.170562651135,483.4895996169109,0.6046943358312131,0.025320225703387347,0.25007933276679434,25,3.811318957968478,31.05492391370415,-3.7303261738429176,-2.7246351747333613,143,36.560299273789255,1.0762468914184473,38.27900570016622,0.9239250715224923,-0.047010184832079416,-1.2116959560623828,
1635,140.86148504682689,1613.1496942143058,0.5946078697219533,0.3098236418348632,0.2638214480374594,25,13.05580776361057,107.1352162692133,-5.074830626599812,-4.076360955410836,4,105.642840992748,0.5856499670594355,106.63663895712797,0.52464669779453,-0.009407149173962237,-1.2639198603113755,
2484,1476.1138079457753,2254.636650372098,0.5956514720694583,0.17372505528864815,0.14418304921025638,25,4.176520982099955,33.826363905789876,-3.823138291800646,-2.8438246343326856,121,31.325284043349356,2.8816640756583736,37.33388439930168,3.641609065212405,-0.19181311644731935,-1.2938845364614362,
1980,34.224828475803434,1836.5734886249504,0.5377070039803648,0.04950792256719677,0.22429435986406082,25,2.095393270076327,30.050445260155346,-3.6946272784172662,-1.6943929061573475,148,41.05774979870668,2.192625934635543,45.055885972490884,2.1229336754892643,-0.09737835593489219,-1.310022747373308,
2090,2112.39181869829,1912.6163054180745,0.5554516167117762,-0.06676901488915121,0.10878234731866698,25,3.482041876495865,28.24252449033528,-3.6272587850588818,-2.712372391118057,161,32.89244860120736,0.1923137883982759,33.228848051948496,0.16100519913622882,-0.010227254736176361,-1.341234969015622,
1007,1710.323127199966,774.5650489592745,0.6236541009065932,-0.12299672531616039,0.21564849300376435,25,5.522465378967918,43.59203611209908,-4.098517886675742,-3.110856785050525,78,46.00767256653767,1.204482068287512,48.22197373091079,1.0352708563182638,-0.048128954168910276,-1.3941698772991011,
1633,87.46399073379146,1612.8217999871767,0.5980523922013479,0.6295785625539161,0.22181188174444788,25,1.04127481791668,19.513528734331597,-3.2258395306459624,-0.26322427281676286,273,3.602356409768305,0.6616587705407767,4.9739231712844685,0.5927295595260008,-0.38074154955821804,-1.5439927089104573,
2616,1175.659962781842,2392.8841023926007,0.5828379921711216,0.20988167562596918,0.061274895319734186,25,3.2061196549545494,23.842916892844087,-3.443398462504293,-2.623257138014133,207,25.400386427752508,0.7033265645988607,26.958855737919865,0.6827378782727561,-0.061356126002263034,-1.5899443470133081,
1712,406.688369482494,1675.8706981888085,0.536541528322834,0.36476588636684215,0.20168974701753148,25,2.6597180234245847,23.2528649093111,-3.4161911713073008,-2.4176160025231206,221,23.73602955272608,0.17239840283488517,24.092348593265122,0.12872900245803126,-0.015011737314681417,-1.6560915610743925,
2078,1154.0632220520488,1907.830582626346,0.6488663455580215,0.4411646131044609,0.021100145622221917,25,1.7155557149779928,21.709992792095704,-3.3416491981623535,-1.4667969850048066,240,64.46627496373186,0.8822965898553938,66.81777209858689,1.0969368871970442,-0.036476392286943105,-1.6704117952993436,
819,1767.6265110078675,640.4560003348745,0.5585887155688072,-0.1471793666031265,0.15865232411145222,25,2.496411374368697,30.513711210927184,-3.7112375791198104,-2.0333553848355033,146,38.827390737852035,0.9494591797395358,40.99878355165535,0.8574168923115484,-0.0559242527643371,-1.697314358200232,
2046,1812.446291548894,1890.7337030211804,0.6189667636759842,-0.026474031823923255,0.05716860410845821,25,3.621187776336349,28.358933647460514,-3.631724741195546,-2.663785208820242,159,32.502232794498845,0.3321057150337434,33.28839821654273,0.24909049860868926,-0.02418804354194859,-1.8937408091963035,
1918,1357.7961067107212,1788.3695573224047,0.6284233807889043,0.15346425724089083,0.1431576045940912,25,2.5108596370396583,19.126116542469557,-3.2040669944110793,-2.266017299551852,282,21.37882911204321,0.18500026282809962,21.8590618722971,0.16359204267337407,-0.022463005702373362,-1.9446056022435516,
750,572.4364152194064,615.7247804478453,0.4697327257749686,0.2718977248152931,0.11999567357333613,25,2.5364074288050222,23.55213027749504,-3.4300754873586032,-2.4589392951298965,213,25.662263686825206,0.4619112876651003,26.917577864621443,0.3438049651749091,-0.04891673599475577,-2.1800618728548367,
1222,593.0396883007724,1083.7530593965812,0.6578549539824224,0.20481687810845847,0.2942629795855316,25,4.582049380625908,33.29773569203846,-3.80603675419463,-2.9007255222328836,127,39.626748679132554,0.3440171488507276,40.80314115708329,0.30490790290421516,-0.029686828144197985,-2.5590890760008578,
1961,1305.6310719065002,1826.4270205303799,0.6131384697294412,-0.2949266974773354,-0.10893678426621473,25,3.280189261236936,32.4350441183591,-3.7775362324921034,-2.428429446380298,133,39.9406261992079,1.1294329894008894,44.024019297930764,0.9678490296994482,-0.1022365818291513,-2.7453278264927827,
2426,142.1887159836506,2217.8620212658784,0.6507438954380247,0.31729086214807584,0.26873703306387414,25,3.036309237342679,23.426587923329766,-3.4242725958010145,-2.4293321118229763,218,23.460327221158025,0.29410833781621293,24.596614789331305,0.2878348326538477,-0.04843442964207689,-2.761197319446684,
753,1721.7217045822656,615.9470230401619,0.6638297515516678,0.07481603890354431,0.1016809046926438,25,12.486410157691488,87.21970596796942,-4.851536545653666,-3.9956898224709816,12,97.17678196256833,0.35391652927404466,98.5531870318253,0.28997880693971245,-0.01416392929935828,-3.0082599593584924,
1948,12.559613202274532,1816.7058092076006,0.5756782550173327,0.4628115587489983,0.24372930214475458,25,9.147276243925589,85.90821835060676,-4.835086780753648,-3.6374915548661506,13,89.48361763055478,1.2489962469993732,95.02303047464838,1.262774832736375,-0.061904212086773436,-3.1188331488566448,
1824,440.9073594565068,1723.9207961988093,0.5311467176689212,0.793603092012355,-0.28943859729671734,25,1.37167484562103,21.14041551083637,-3.3127837975763423,-1.1162875458083548,244,28.450804731005714,1.053651517378954,33.08030988088515,0.9942534010837384,-0.16271965568812896,-3.1956350928536947,
1042,1674.0696764874922,802.7137996634568,0.5061470385538641,-0.15401354010785265,0.14770011227169091,25,1.903535484422173,22.022675565638725,-3.3571752022120065,-1.9054687474633005,235,30.59489229830727,1.0917890010809321,36.1134654495372,1.0166970901744585,-0.18037563582256055,-3.6990977955906916,
549,2153.6200228941925,500.91641494855986,0.6686040085503716,0.010975545056057691,0.0036173494620598268,25,6.015455020161571,38.96824768751623,-3.976777192519148,-3.2272770102054222,96,44.201761472338895,0.1767997323715077,45.04376612241778,0.1379194225998359,-0.019049119809530835,-3.7550630487692334,
2523,1905.3437928288854,2282.3690247439763,0.6759843976817165,0.339783929969382,-0.07165340400945204,25,4.2786982150113655,32.4975759383289,-3.779627418149476,-2.769792508061454,131,38.37364138148273,0.5788165911838485,41.615337068917896,0.5317992469214299,-0.08447714552832242,-4.124150960548911,
2086,1161.2234656186124,1910.402478705265,0.5669861359191077,-0.2090120550263837,0.26668986187836796,25,2.009653348088202,24.98979975576972,-3.494406940304854,-1.7824502263014952,195,46.281622956655575,1.6480596289525855,54.71392577032892,1.1590511986518335,-0.18219548656646078,-4.185139219212711,
1872,1309.2412380275262,1756.4487131236485,0.5864933462743593,0.5490779128041047,0.29183617085754604,25,2.893857954543048,26.82074860606673,-3.5711772386870333,-2.375129160670508,174,33.39195208286258,0.34480121521061174,35.86841303363057,0.28330883728494244,-0.07416340753672057,-5.549315198726485,
2164,901.5859004218709,1967.7162875410386,0.5829343877362875,0.3624090829110016,0.1120318929617465,25,3.8805093068075465,32.32845497712361,-3.7739623738902206,-2.7674872606226826,134,33.38143556964737,0.2765496014837361,35.85536419935826,0.251329374743921,-0.0741109118734351,-6.620224296495479,
1956,10.386817625348879,1822.3006771064815,0.5507131604463384,0.27187474117183025,0.40703917446601723,25,1.8498739729387264,23.19281617602438,-3.413383714571505,-1.7020734303886051,222,13.33303177697379,1.4291552992654597,26.106542927683066,0.8668070257529189,-0.9580350039193029,-7.642044833244335,
2223,2107.861987750332,2004.331694584523,0.6729011482152143,0.0679442465767737,0.05596628556311049,25,4.6584782139173155,31.525079516493825,-3.7466404766957426,-2.9222151494228905,139,32.753366386430265,0.4083200847468122,38.42411245310025,0.33929804857216117,-0.17313475505892972,-10.681503057518128,
354,1961.7449879585802,350.4674922236775,0.6784328416464173,-0.16037138243468038,0.15132690903735024,25,5.791810242835925,40.95984759730346,-4.030895830138352,-3.1342769653465146,86,41.49476120394199,0.5871590950918488,58.26708778777038,0.8047899122559413,-0.4042034728527375,-16.836065629709996,
1145,1891.940709221248,959.2413832968285,0.6491167424961177,0.13637181405707507,0.2711067011994421,25,2.87267691857471,20.94739153994791,-3.3028248760914627,-2.401308400662831,246,7.047971398891726,0.2294330102040102,46.521287688303154,0.14963631197249497,-5.6006635179618485,-144.1068421615284,MESSIER_101_hst_9490_02_acs_wfc_f555w_j8d602_hst_14678_01_acs_wfc_f555w_jd6v01_0225
879,33.85887561394276,685.2613161067097,0.6687477095824199,0.05147598531109509,0.04024347051715102,25,14.32712101415867,102.44291983944039,-5.0262048707054845,-4.127589485393056,6,124.65221269857717,2.6468907960214643,,,,,
1218,1799.4319003935268,1073.814990263171,0.5495187729067688,-0.07673698693156214,0.2102197016178599,25,9.109331003528364,81.58278462932292,-4.778996312041736,-3.7069893200441135,14,,,93.94197637845971,0.504197894189599,,,
888,32.70465077935052,691.5074012554483,0.6552080915456531,0.13346816323232027,0.1994048797406988,25,6.6868689008163855,61.76669697862726,-4.476885944322453,-3.1799753900908763,26,87.99059090926221,1.322147286527187,,,,,
1502,495.6639698769569,1407.0218978384291,0.5243407161592112,-0.003194277399213507,0.15401256775747255,25,4.763201497593109,61.08779544875293,-4.464886131224305,-2.7330648210672797,27,,,80.13445219374725,0.18805409509619178,,,
2571,9.753354308797476,2324.023124396624,0.5094982035507141,-0.2846904598260351,-0.18566949253739173,25,4.890438268498466,57.611672961543434,-4.401276216768692,-2.8772287784014363,36,,,70.91496887235706,0.2640252244354943,,,
361,177.21921821866792,353.8296230064911,0.5865877677644481,0.0005917142176356749,0.15276255258966676,25,5.129950756590311,45.99872510534387,-4.156864487498122,-3.014690547312905,68,60.73246850931463,0.1775494024622285,,,,,
906,50.50610436638654,700.6368611874678,0.546056660402496,-0.15306518452828208,-0.005620275997385444,25,4.799736733000223,39.78568588596445,-3.999317123720654,-3.0748563037687844,92,44.58816250970549,1.3802624378450281,,,,,
2530,1395.729524859082,2286.6802019373176,0.6184919045484547,0.326763607997194,-0.006061326677931551,25,5.773274654905741,39.47139056426149,-3.990706066796206,-3.2391781826733226,95,43.08015102475561,0.14683317638949045,,,,,
1131,2171.039186648298,942.5757479525436,0.6264939178906157,0.04090301653667587,0.12471712072030348,25,4.208076807616926,35.83470906039799,-3.8857597070301777,-2.7649406565951704,111,,,51.336325401355964,0.7892259711503701,,,
768,103.28303845259616,620.1619717794267,0.8433347291663743,0.24324767105351552,0.06979037371299535,25,6.586763615171854,34.793481130419785,-3.853744706541225,-3.1577857186711555,116,38.02675727699256,0.24136613794268752,,,,,
258,169.6656328836819,291.5286339912045,0.5289255847275803,-0.22765170993128572,0.035162213272936234,25,2.920355553190653,33.837007690487916,-3.8234798752075916,-2.3006378980636644,120,47.788271492044665,0.1454672473892475,,,,,
886,28.002044517169963,689.2170379574179,0.4378430360713711,-0.7424225099609787,-0.4364450070254685,25,2.3020443864273474,31.370150853215268,-3.7412915178601933,-2.068244005125349,141,50.35073625568193,3.6178212553291687,,,,,
885,37.67737557868142,688.2665989470875,0.6466297172382367,-0.09313671572706889,0.31172654159816987,25,2.2543387360977576,27.543663848458337,-3.600054273656073,-1.803780970379874,168,65.6194213478412,2.750115148583046,,,,,
1511,2149.101843048008,1424.2723578254743,0.8872225040597524,0.26622526619209896,0.07832677836159789,25,5.171952957670634,24.885970447479295,-3.4898864526405857,-2.8668823746209533,199,28.260534070118084,0.6798112538943368,,,,,
1271,1435.9385340137903,1135.0047920193103,0.5367563071409103,-0.18331037493846586,0.12183941278378385,25,1.8826529253050939,18.96166985466246,-3.1946914517999354,-1.9358558688392895,286,,,23.37116861132174,0.2114371163063756,,,
