candidate_id,galaxy_name,obsid,obs_id,obs_collection,instrument_name,filter_name,filter_central_um,t_min,t_max,stage,native_flux,native_err,flux_jy,err_jy,snr,pixel_scale_arcsec,radius_pix,x_pix,y_pix,product_path,status,error
NGC_5861_hst_15145_74_wfc3_ir_f160w_idgg74_hst_16250_14_wfc3_ir_f160w_iebs14_0023,NGC 5861,24581363,u3iu0901t,HST,WFPC2/PC,F658N,0.658,50473.926557175924,50473.93465902778,pre,,,,,,0.04553599999999824,4.743499648629839,658.1446312913431,657.95481395592,/home/primary/SUPERNOVA/data/cache/mast_products/HST/u3iu0901t/hst_6713_09_wfpc2_pc_total_u3iu09_drz.fits,MEASURED,
NGC_5861_hst_15145_74_wfc3_ir_f160w_idgg74_hst_16250_14_wfc3_ir_f160w_iebs14_0023,NGC 5861,207157063,hst_6713_09_wfpc2_pc_f606w_u3iu09,HST,WFPC2/PC,F606W,0.606,50473.94669606,50473.95572384,pre,,,,,,0.04553599999999824,4.743499648629839,658.1446312913431,657.95481395592,/home/primary/SUPERNOVA/data/cache/mast_products/HST/hst_6713_09_wfpc2_pc_f606w_u3iu09/hst_6713_09_wfpc2_pc_f606w_u3iu09_drz.fits,MEASURED,
NGC_5861_hst_15145_74_wfc3_ir_f160w_idgg74_hst_16250_14_wfc3_ir_f160w_iebs14_0023,NGC 5861,24746136,x3iu1001r,HST,FOC/96,POL0;F342W;CLEAR3;CLEAR4,0.342,50997.43547820602,50997.44782341435,pre,,,,,,,,,,,FAILED,Arrays do not overlap.
NGC_5861_hst_15145_74_wfc3_ir_f160w_idgg74_hst_16250_14_wfc3_ir_f160w_iebs14_0023,NGC 5861,24746137,x3iu1002r,HST,FOC/96,POL60;F342W;CLEAR3;CLEAR4,0.342,50997.45141570602,50997.46579795139,pre,,,,,,,,,,,FAILED,Arrays do not overlap.
NGC_5861_hst_15145_74_wfc3_ir_f160w_idgg74_hst_16250_14_wfc3_ir_f160w_iebs14_0023,NGC 5861,24746138,x3iu1003r,HST,FOC/96,POL120;F342W;CLEAR3;CLEAR4,0.342,50997.498730555555,50997.51245304398,pre,,,,,,,,,,,FAILED,Arrays do not overlap.
NGC_5861_hst_15145_74_wfc3_ir_f160w_idgg74_hst_16250_14_wfc3_ir_f160w_iebs14_0023,NGC 5861,25864910,odai05saq,HST,STIS/CCD,MIRVIS,,57933.41522056713,57933.417247997684,pre,,,,,,,,,,,FAILED,No celestial 2D science image found in /home/primary/SUPERNOVA/data/cache/mast_products/HST/odai05saq/odai05saq_spt.fits
NGC_5861_hst_15145_74_wfc3_ir_f160w_idgg74_hst_16250_14_wfc3_ir_f160w_iebs14_0023,NGC 5861,25865191,odai06f0q,HST,STIS/CCD,MIRVIS,,57936.3927787037,57936.39480578704,pre,,,,,,,,,,,FAILED,No celestial 2D science image found in /home/primary/SUPERNOVA/data/cache/mast_products/HST/odai06f0q/odai06f0q_spt.fits
NGC_5861_hst_15145_74_wfc3_ir_f160w_idgg74_hst_16250_14_wfc3_ir_f160w_iebs14_0023,NGC 5861,25865603,odai07syq,HST,STIS/CCD,MIRVIS,,57941.225915393516,57941.22794282407,pre,,,,,,,,,,,FAILED,No celestial 2D science image found in /home/primary/SUPERNOVA/data/cache/mast_products/HST/odai07syq/odai07syq_spt.fits
NGC_5861_hst_15145_74_wfc3_ir_f160w_idgg74_hst_16250_14_wfc3_ir_f160w_iebs14_0023,NGC 5861,25866164,odai08k9q,HST,STIS/CCD,MIRVIS,,57946.06084614583,57946.06287357639,pre,,,,,,,,,,,FAILED,No celestial 2D science image found in /home/primary/SUPERNOVA/data/cache/mast_products/HST/odai08k9q/odai08k9q_spt.fits
NGC_5861_hst_15145_74_wfc3_ir_f160w_idgg74_hst_16250_14_wfc3_ir_f160w_iebs14_0023,NGC 5861,26667859,hst_15145_71_wfc3_uvis_f350lp_idgg71,HST,WFC3/UVIS,F350LP,0.35,58131.68602531,58131.70207843,pre,1172.3014800567641,0.3071150404631904,6.996616649012842e-05,1.8329467648227867e-08,3817.141219422862,0.03962000086903494,5.3999999999999995,756.9521578760402,756.843366878795,/home/primary/SUPERNOVA/data/cache/mast_products/HST/hst_15145_71_wfc3_uvis_f350lp_idgg71/hst_15145_71_wfc3_uvis_f350lp_idgg71_drc.fits,MEASURED,
NGC_5861_hst_15145_74_wfc3_ir_f160w_idgg74_hst_16250_14_wfc3_ir_f160w_iebs14_0023,NGC 5861,26070035,idgg71020,HST,WFC3/IR,F160W,1.6,58131.70408657407,58131.75708325231,pre,105.82623413832712,0.7900359396540422,1.623440219018389e-05,1.2119642443554042e-07,133.9511645314118,0.12825000286102212,2.5,232.98494064772763,232.89867523690305,/home/primary/SUPERNOVA/data/cache/mast_products/HST/idgg71020/idgg71020_drz.fits,MEASURED,
NGC_5861_hst_15145_74_wfc3_ir_f160w_idgg74_hst_16250_14_wfc3_ir_f160w_iebs14_0023,NGC 5861,26303129,hst_15145_72_wfc3_uvis_f350lp_idgg72,HST,WFC3/UVIS,F350LP,0.35,58134.66558531,58134.68212473,pre,1121.6925697091915,0.28890580670192856,6.694619205140507e-05,1.7242820486229823e-08,3882.554603225646,0.03962000086903494,5.3999999999999995,756.8968482236467,756.0610575494904,/home/primary/SUPERNOVA/data/cache/mast_products/HST/hst_15145_72_wfc3_uvis_f350lp_idgg72/hst_15145_72_wfc3_uvis_f350lp_idgg72_drc.fits,MEASURED,
NGC_5861_hst_15145_74_wfc3_ir_f160w_idgg74_hst_16250_14_wfc3_ir_f160w_iebs14_0023,NGC 5861,26070502,idgg72020,HST,WFC3/UVIS,F814W,0.814,58134.68387233796,58134.73589768518,pre,197.48403138632406,0.11788179097690633,6.430051961444173e-05,3.8382143405145204e-08,1675.2717255968075,0.03962000086903568,5.3999999999999995,756.0214585554941,756.38550041647,/home/primary/SUPERNOVA/data/cache/mast_products/HST/idgg72020/idgg72020_drc.fits,MEASURED,
NGC_5861_hst_15145_74_wfc3_ir_f160w_idgg74_hst_16250_14_wfc3_ir_f160w_iebs14_0023,NGC 5861,26071705,idgg74010,HST,WFC3/UVIS,F350LP,0.35,58143.671928587966,58143.687946909726,pre,991.7613873058929,0.28291759429882485,5.919283064210421e-05,1.6885808884427402e-08,3505.477945844431,0.039620000869035665,5.3999999999999995,756.0106979344166,756.2754335363566,/home/primary/SUPERNOVA/data/cache/mast_products/HST/idgg74010/idgg74010_drc.fits,MEASURED,
NGC_5861_hst_15145_74_wfc3_ir_f160w_idgg74_hst_16250_14_wfc3_ir_f160w_iebs14_0023,NGC 5861,26667217,hst_15145_74_wfc3_ir_f160w_idgg74,HST,WFC3/IR,F160W,1.6,58143.68995505,58143.74162098,pre,97.57299336314085,1.017147037947127,1.496859819681726e-05,1.56039748226735e-07,95.92811041368127,0.1282500028610217,2.5,232.5897063744125,232.95100624727712,/home/primary/SUPERNOVA/data/cache/mast_products/HST/hst_15145_74_wfc3_ir_f160w_idgg74/hst_15145_74_wfc3_ir_f160w_idgg74_drz.fits,MEASURED,
NGC_5861_hst_15145_74_wfc3_ir_f160w_idgg74_hst_16250_14_wfc3_ir_f160w_iebs14_0023,NGC 5861,26668321,hst_15145_75_wfc3_uvis_f350lp_idgg75,HST,WFC3/UVIS,F350LP,0.35,58150.0277969,58150.04433596,window,907.3502304130075,0.2511100443382473,5.41556574287674e-05,1.4987630004694782e-08,3613.356975839641,0.03962000086903494,5.3999999999999995,756.3239165378045,756.5323333002548,/home/primary/SUPERNOVA/data/cache/mast_products/HST/hst_15145_75_wfc3_uvis_f350lp_idgg75/hst_15145_75_wfc3_uvis_f350lp_idgg75_drc.fits,MEASURED,
NGC_5861_hst_15145_74_wfc3_ir_f160w_idgg74_hst_16250_14_wfc3_ir_f160w_iebs14_0023,NGC 5861,26668320,hst_15145_75_wfc3_uvis_f814w_idgg75,HST,WFC3/UVIS,F814W,0.814,58150.04608394,58150.05836373,window,165.12736807920183,0.11540905741531561,5.376770349611923e-05,3.757874937422236e-08,1430.8007688249972,0.03962000086903494,5.3999999999999995,756.3239165378046,756.5323333002548,/home/primary/SUPERNOVA/data/cache/mast_products/HST/hst_15145_75_wfc3_uvis_f814w_idgg75/hst_15145_75_wfc3_uvis_f814w_idgg75_drc.fits,MEASURED,
NGC_5861_hst_15145_74_wfc3_ir_f160w_idgg74_hst_16250_14_wfc3_ir_f160w_iebs14_0023,NGC 5861,26669128,hst_15145_76_wfc3_uvis_f350lp_idgg76,HST,WFC3/UVIS,F350LP,0.35,58158.04844505,58158.0649841,window,812.9097225289481,0.2414107062559539,4.85199120791885e-05,1.4409012363727228e-08,3367.330865877451,0.03962000086903494,5.3999999999999995,756.4338803963892,756.9470885388794,/home/primary/SUPERNOVA/data/cache/mast_products/HST/hst_15145_76_wfc3_uvis_f350lp_idgg76/hst_15145_76_wfc3_uvis_f350lp_idgg76_drc.fits,MEASURED,
NGC_5861_hst_15145_74_wfc3_ir_f160w_idgg74_hst_16250_14_wfc3_ir_f160w_iebs14_0023,NGC 5861,26073263,idgg76020,HST,WFC3/UVIS,F555W,0.555,58158.06676689815,58158.12119965278,window,444.41012956871873,0.12545086814455766,7.774496144173874e-05,2.1946333482984126e-08,3542.5034209936493,0.039620000869035596,5.3999999999999995,756.8118008472832,756.8691635160335,/home/primary/SUPERNOVA/data/cache/mast_products/HST/idgg76020/idgg76020_drc.fits,MEASURED,
NGC_5861_hst_15145_74_wfc3_ir_f160w_idgg74_hst_16250_14_wfc3_ir_f160w_iebs14_0023,NGC 5861,26667358,hst_15145_77_wfc3_uvis_f350lp_idgg77,HST,WFC3/UVIS,F350LP,0.35,58168.63341024,58168.64942892,window,701.9879965423087,0.221178796467236,4.190047819039378e-05,1.3201788895537639e-08,3173.8485232525295,0.03962000086903494,5.3999999999999995,756.9772649040478,756.7686842984488,/home/primary/SUPERNOVA/data/cache/mast_products/HST/hst_15145_77_wfc3_uvis_f350lp_idgg77/hst_15145_77_wfc3_uvis_f350lp_idgg77_drc.fits,MEASURED,
NGC_5861_hst_15145_74_wfc3_ir_f160w_idgg74_hst_16250_14_wfc3_ir_f160w_iebs14_0023,NGC 5861,26074670,idgg77020,HST,WFC3/IR,F160W,1.6,58168.65143668981,58168.66379707176,window,85.02371453727498,1.0875858095437254,1.3043956864843374e-05,1.6685253595083395e-07,78.17655746441281,0.12825000286102153,2.5,232.86045035120674,232.98786818395303,/home/primary/SUPERNOVA/data/cache/mast_products/HST/idgg77020/idgg77020_drz.fits,MEASURED,
NGC_5861_hst_15145_74_wfc3_ir_f160w_idgg74_hst_16250_14_wfc3_ir_f160w_iebs14_0023,NGC 5861,26692274,hst_15145_78_wfc3_uvis_f350lp_idgg78,HST,WFC3/UVIS,F350LP,0.35,58181.55109618,58181.56711449,window,589.1040231178671,0.19796022251218892,3.51637716434602e-05,1.1816296928453379e-08,2975.8706857464476,0.03962000086903494,5.3999999999999995,756.2058943652729,756.4856563278602,/home/primary/SUPERNOVA/data/cache/mast_products/HST/hst_15145_78_wfc3_uvis_f350lp_idgg78/hst_15145_78_wfc3_uvis_f350lp_idgg78_drc.fits,MEASURED,
NGC_5861_hst_15145_74_wfc3_ir_f160w_idgg74_hst_16250_14_wfc3_ir_f160w_iebs14_0023,NGC 5861,26692278,hst_15145_78_wfc3_ir_f160w_idgg78,HST,WFC3/IR,F160W,1.6,58181.56912263,58181.62041819,window,80.142580885102,0.8712544439847623,1.2295376660071817e-05,1.3366679032850392e-07,91.98527644641045,0.1282500028610217,2.5,232.50388598124192,232.87635227240497,/home/primary/SUPERNOVA/data/cache/mast_products/HST/hst_15145_78_wfc3_ir_f160w_idgg78/hst_15145_78_wfc3_ir_f160w_idgg78_drz.fits,MEASURED,
NGC_5861_hst_15145_74_wfc3_ir_f160w_idgg74_hst_16250_14_wfc3_ir_f160w_iebs14_0023,NGC 5861,26078771,idgg79010,HST,WFC3/UVIS,F350LP,0.35,58199.115135416665,58199.16527450232,window,461.1749480874157,0.18558271985051555,2.7528874575864103e-05,1.1077972555534778e-08,2485.010180144391,0.039620000869035596,5.3999999999999995,756.5050263213926,756.4147933920988,/home/primary/SUPERNOVA/data/cache/mast_products/HST/idgg79010/idgg79010_drc.fits,MEASURED,
NGC_5861_hst_15145_74_wfc3_ir_f160w_idgg74_hst_16250_14_wfc3_ir_f160w_iebs14_0023,NGC 5861,26078772,idgg79020,HST,WFC3/IR,F160W,1.6,58199.1845741088,58199.23326559028,window,75.19300771869379,0.8757017905591447,1.1536352757581254e-05,1.343529813853192e-07,85.86599745409026,0.12825000286102192,2.5,233.09171377247554,232.68457047739884,/home/primary/SUPERNOVA/data/cache/mast_products/HST/idgg79020/idgg79020_drz.fits,MEASURED,
NGC_5861_hst_15145_74_wfc3_ir_f160w_idgg74_hst_16250_14_wfc3_ir_f160w_iebs14_0023,NGC 5861,26081360,idgg7a010,HST,WFC3/UVIS,F350LP,0.35,58221.34345813657,58221.359997569445,window,346.7932367589551,0.16948871436383323,2.0702258842910077e-05,1.0117842171619342e-08,2046.1140321975115,0.03962000086903557,5.3999999999999995,756.0498923038554,756.5714895024041,/home/primary/SUPERNOVA/data/cache/mast_products/HST/idgg7a010/idgg7a010_drc.fits,MEASURED,
NGC_5861_hst_15145_74_wfc3_ir_f160w_idgg74_hst_16250_14_wfc3_ir_f160w_iebs14_0023,NGC 5861,26081361,idgg7a020,HST,WFC3/UVIS,F814W,0.814,58221.36174517361,58221.37402534722,window,72.99394665587278,0.1020530915086434,2.3772882811465012e-05,3.32369504065924e-08,715.2546343947901,0.03962000086903561,5.3999999999999995,756.9683333403385,756.0250828910562,/home/primary/SUPERNOVA/data/cache/mast_products/HST/idgg7a020/idgg7a020_drc.fits,MEASURED,
NGC_5861_hst_15145_74_wfc3_ir_f160w_idgg74_hst_16250_14_wfc3_ir_f160w_iebs14_0023,NGC 5861,26103377,idgg7g010,HST,WFC3/UVIS,F350LP,0.35,58229.15887554398,58229.17541496528,window,319.6822988350171,0.17028683816913917,1.9084214150195758e-05,1.0165687929617728e-08,1877.3165458477147,0.03962000086903568,5.3999999999999995,756.741026097383,756.5399464152281,/home/primary/SUPERNOVA/data/cache/mast_products/HST/idgg7g010/idgg7g010_drc.fits,MEASURED,
NGC_5861_hst_15145_74_wfc3_ir_f160w_idgg74_hst_16250_14_wfc3_ir_f160w_iebs14_0023,NGC 5861,26303425,hst_15145_7g_wfc3_uvis_f555w_idgg7g,HST,WFC3/UVIS,F555W,0.555,58229.17719742,58229.18944276,window,171.14596365020645,0.08268985097511279,2.9950713429610388e-05,1.4470805955754743e-08,2069.7336085623897,0.03962000086903494,5.3999999999999995,756.9453064218136,756.3193123716608,/home/primary/SUPERNOVA/data/cache/mast_products/HST/hst_15145_7g_wfc3_uvis_f555w_idgg7g/hst_15145_7g_wfc3_uvis_f555w_idgg7g_drc.fits,MEASURED,
NGC_5861_hst_15145_74_wfc3_ir_f160w_idgg74_hst_16250_14_wfc3_ir_f160w_iebs14_0023,NGC 5861,26667292,hst_15145_7b_wfc3_uvis_f350lp_idgg7b,HST,WFC3/UVIS,F350LP,0.35,58270.54479084,58270.56080915,window,200.4555975827447,0.13797170740500644,1.1967935951858885e-05,8.237418048204561e-09,1452.8746607035966,0.03962000086903494,5.3999999999999995,756.648518503463,756.3421576641681,/home/primary/SUPERNOVA/data/cache/mast_products/HST/hst_15145_7b_wfc3_uvis_f350lp_idgg7b/hst_15145_7b_wfc3_uvis_f350lp_idgg7b_drc.fits,MEASURED,
NGC_5861_hst_15145_74_wfc3_ir_f160w_idgg74_hst_16250_14_wfc3_ir_f160w_iebs14_0023,NGC 5861,26667294,hst_15145_7b_wfc3_ir_f160w_idgg7b,HST,WFC3/IR,F160W,1.6,58270.5628173,58270.57517767,window,66.33208035323881,0.9890156666439072,1.0178072443793111e-05,1.5175572738774383e-07,67.06878625929949,0.1282500028610217,2.5,233.21471618056518,232.98748328622713,/home/primary/SUPERNOVA/data/cache/mast_products/HST/hst_15145_7b_wfc3_ir_f160w_idgg7b/hst_15145_7b_wfc3_ir_f160w_idgg7b_drz.fits,MEASURED,
NGC_5861_hst_15145_74_wfc3_ir_f160w_idgg74_hst_16250_14_wfc3_ir_f160w_iebs14_0023,NGC 5861,26668124,hst_15145_7c_wfc3_uvis_f350lp_idgg7c,HST,WFC3/UVIS,F350LP,0.35,58328.94666719,58328.96268587,window,94.83652706317409,0.13322783743981773,5.662924340596903e-06,7.955364740217217e-09,711.8371722127074,0.03962000086903494,5.3999999999999995,756.4268403192298,756.2254740849503,/home/primary/SUPERNOVA/data/cache/mast_products/HST/hst_15145_7c_wfc3_uvis_f350lp_idgg7c/hst_15145_7c_wfc3_uvis_f350lp_idgg7c_drc.fits,MEASURED,
NGC_5861_hst_15145_74_wfc3_ir_f160w_idgg74_hst_16250_14_wfc3_ir_f160w_iebs14_0023,NGC 5861,26114103,idgg7c020,HST,WFC3/IR,F160W,1.6,58328.964694016206,58328.97705439815,window,59.84603181823103,0.8980286057036855,9.183726357477041e-06,1.3780778316294168e-07,66.64156513292397,0.12825000286102026,2.5,232.86680176842202,232.67696494858393,/home/primary/SUPERNOVA/data/cache/mast_products/HST/idgg7c020/idgg7c020_drz.fits,MEASURED,
NGC_5861_hst_15145_74_wfc3_ir_f160w_idgg74_hst_16250_14_wfc3_ir_f160w_iebs14_0023,NGC 5861,26120380,idgg7d010,HST,WFC3/UVIS,F350LP,0.35,58380.3297591088,58380.34577777778,window,49.465088916134604,0.17285708503881764,2.9540663693194463e-06,1.0323064464263083e-08,286.1617671328108,0.03962000086903552,5.3999999999999995,756.2597292335331,756.7003453349164,/home/primary/SUPERNOVA/data/cache/mast_products/HST/idgg7d010/idgg7d010_drc.fits,MEASURED,
NGC_5861_hst_15145_74_wfc3_ir_f160w_idgg74_hst_16250_14_wfc3_ir_f160w_iebs14_0023,NGC 5861,26120356,idgg7d020,HST,WFC3/IR,F160W,1.6,58380.34778556713,58380.3601462963,window,50.09282886845909,1.1013103638348418,7.687687953367604e-06,1.6901681554468867e-07,45.484752085717474,0.1282500028610199,2.5,233.341070956814,232.53953428618024,/home/primary/SUPERNOVA/data/cache/mast_products/HST/idgg7d020/idgg7d020_drz.fits,MEASURED,
NGC_5861_hst_15145_74_wfc3_ir_f160w_idgg74_hst_16250_14_wfc3_ir_f160w_iebs14_0023,NGC 5861,26312038,hst_15145_7e_wfc3_uvis_f350lp_idgg7e,HST,WFC3/UVIS,F350LP,0.35,58488.91740112,58488.93341944,window,15.245593952977273,0.1632362167280605,9.107199438143076e-07,9.75117654225649e-09,93.39590354740524,0.03962000086903494,5.3999999999999995,756.5842105938121,756.4744100374255,/home/primary/SUPERNOVA/data/cache/mast_products/HST/hst_15145_7e_wfc3_uvis_f350lp_idgg7e/hst_15145_7e_wfc3_uvis_f350lp_idgg7e_drc.fits,MEASURED,
NGC_5861_hst_15145_74_wfc3_ir_f160w_idgg74_hst_16250_14_wfc3_ir_f160w_iebs14_0023,NGC 5861,26312022,hst_15145_7e_wfc3_ir_f160w_idgg7e,HST,WFC3/IR,F160W,1.6,58488.93542758,58488.94778795,window,14.630538913749959,0.8698060847517955,2.245731847844295e-06,1.3351191213743177e-07,16.820460525893967,0.1282500028610217,2.5,232.8273655205687,232.7249772597262,/home/primary/SUPERNOVA/data/cache/mast_products/HST/hst_15145_7e_wfc3_ir_f160w_idgg7e/hst_15145_7e_wfc3_ir_f160w_idgg7e_drz.fits,MEASURED,
NGC_5861_hst_15145_74_wfc3_ir_f160w_idgg74_hst_16250_14_wfc3_ir_f160w_iebs14_0023,NGC 5861,26667368,hst_15145_7f_wfc3_uvis_f350lp_idgg7f,HST,WFC3/UVIS,F350LP,0.35,58520.70604779,58520.7220661,window,13.170909466936976,0.13675250117832155,7.868484629271106e-07,8.169784753567547e-09,96.31201881830643,0.03962000086903494,5.3999999999999995,756.1014064820512,756.1196543904391,/home/primary/SUPERNOVA/data/cache/mast_products/HST/hst_15145_7f_wfc3_uvis_f350lp_idgg7f/hst_15145_7f_wfc3_uvis_f350lp_idgg7f_drc.fits,MEASURED,
NGC_5861_hst_15145_74_wfc3_ir_f160w_idgg74_hst_16250_14_wfc3_ir_f160w_iebs14_0023,NGC 5861,26667351,hst_15145_7f_wfc3_ir_f160w_idgg7f,HST,WFC3/IR,F160W,1.6,58520.72407425,58520.77234907,window,7.639385827900696,1.1136545764103107,1.1726777643265556e-06,1.7095064816954767e-07,6.8597444752798005,0.1282500028610217,2.5,233.31664239307992,233.41709163868222,/home/primary/SUPERNOVA/data/cache/mast_products/HST/hst_15145_7f_wfc3_ir_f160w_idgg7f/hst_15145_7f_wfc3_ir_f160w_idgg7f_drz.fits,MEASURED,
NGC_5861_hst_15145_74_wfc3_ir_f160w_idgg74_hst_16250_14_wfc3_ir_f160w_iebs14_0023,NGC 5861,71344104,hst_15686_01_wfc3_ir_g141_idys01g2,HST,WFC3/IR,G141,,58540.04294102,58540.0557062,window,0.07030407979756603,0.30423781728766375,5.680534375740171e-09,2.4582262999231575e-08,0.23108264588649713,0.1282110045249386,2.5,232.5827904473919,233.493337394719,/home/primary/SUPERNOVA/data/cache/mast_products/HST/hst_15686_01_wfc3_ir_g141_idys01g2/hst_15686_01_wfc3_ir_g141_idys01g2_flt.fits,MEASURED,
NGC_5861_hst_15145_74_wfc3_ir_f160w_idgg74_hst_16250_14_wfc3_ir_f160w_iebs14_0023,NGC 5861,26145604,idys01020,HST,WFC3/IR,F160W,1.6,58540.0560428588,58540.12796322917,window,4.932724492994467,0.9778033179793374,7.572178972398906e-07,1.5010166762932823e-07,5.044700096935754,0.12825000286102275,2.5,232.63270785636064,232.78394813532557,/home/primary/SUPERNOVA/data/cache/mast_products/HST/idys01020/idys01020_drz.fits,MEASURED,
NGC_5861_hst_15145_74_wfc3_ir_f160w_idgg74_hst_16250_14_wfc3_ir_f160w_iebs14_0023,NGC 5861,26274224,ie5417010,HST,WFC3/IR,F160W,1.6,58991.62713394676,58991.6282065625,window,-6.028560116279202,3.6120676477389595,-9.261241374989145e-07,5.548958574397748e-07,-1.6690053188934297,0.12825000286102264,2.5,232.94016373977865,232.82458434607176,/home/primary/SUPERNOVA/data/cache/mast_products/HST/ie5417010/ie5417010_drz.fits,MEASURED,
NGC_5861_hst_15145_74_wfc3_ir_f160w_idgg74_hst_16250_14_wfc3_ir_f160w_iebs14_0023,NGC 5861,26708555,hst_15889_17_wfc3_ir_f098m_ie5417,HST,WFC3/IR,F098M,0.98,58991.6289395,58991.64222321,window,-10.443864338825634,4.336873081231473,-2.0757599603863865e-06,8.619709336735887e-07,-2.4081554021082985,0.1282500028610217,2.5,233.05253519079486,233.32413941329088,/home/primary/SUPERNOVA/data/cache/mast_products/HST/hst_15889_17_wfc3_ir_f098m_ie5417/hst_15889_17_wfc3_ir_f098m_ie5417_drz.fits,MEASURED,
NGC_5861_hst_15145_74_wfc3_ir_f160w_idgg74_hst_16250_14_wfc3_ir_f160w_iebs14_0023,NGC 5861,71340437,hst_15889_17_wfc3_ir_g102_ie5417c0,HST,WFC3/IR,G102,,58991.62939098,58991.63521172,window,0.022607841057059375,0.3446138252414481,3.008733825309214e-09,4.586246294178464e-08,0.06560340706360102,0.12819805481488555,2.5,233.48493043967616,233.0769514797005,/home/primary/SUPERNOVA/data/cache/mast_products/HST/hst_15889_17_wfc3_ir_g102_ie5417c0/hst_15889_17_wfc3_ir_g102_ie5417c0_flt.fits,MEASURED,
NGC_5861_hst_15145_74_wfc3_ir_f160w_idgg74_hst_16250_14_wfc3_ir_f160w_iebs14_0023,NGC 5861,83205279,hst_skycell-p1110x08y05_wfc3_ir_f140w_coarse-all,HST,WFC3/IR,F140W,1.4,58991.64296728,58991.65519876,window,-11.84941213881487,7.44848952131057,-1.1308185101943643e-06,7.108276533057762e-07,-1.5908476617860572,0.11999999999999934,2.5,249.01513389907996,249.3556289807966,/home/primary/SUPERNOVA/data/cache/mast_products/HST/hst_skycell-p1110x08y05_wfc3_ir_f140w_coarse-all/hst_skycell-p1110x08y05_wfc3_ir_f140w_coarse-all_drz.fits,MEASURED,
NGC_5861_hst_15145_74_wfc3_ir_f160w_idgg74_hst_16250_14_wfc3_ir_f160w_iebs14_0023,NGC 5861,71340598,hst_15889_17_wfc3_ir_g141_ie5417c6,HST,WFC3/IR,G141,,58991.64347654,58991.64871876,window,-0.37882604206916426,0.5435308171370505,-3.0608954140297003e-08,4.391701733258521e-08,-0.6969725177029727,0.1281950500380962,2.5,233.26188561687007,233.69640439263722,/home/primary/SUPERNOVA/data/cache/mast_products/HST/hst_15889_17_wfc3_ir_g141_ie5417c6/hst_15889_17_wfc3_ir_g141_ie5417c6_flt.fits,MEASURED,
NGC_5861_hst_15145_74_wfc3_ir_f160w_idgg74_hst_16250_14_wfc3_ir_f160w_iebs14_0023,NGC 5861,83205271,hst_skycell-p1110x08y05_wfc3_ir_f105w_coarse-all,HST,WFC3/IR,F105W,1.05,58991.65594172,58991.65688839,window,-16.903847703427637,6.198161617655229,-1.914941324683191e-06,7.021546825878277e-07,-2.7272357105496683,0.11999999999999934,2.5,249.01513389907996,249.3556289807966,/home/primary/SUPERNOVA/data/cache/mast_products/HST/hst_skycell-p1110x08y05_wfc3_ir_f105w_coarse-all/hst_skycell-p1110x08y05_wfc3_ir_f105w_coarse-all_drz.fits,MEASURED,
NGC_5861_hst_15145_74_wfc3_ir_f160w_idgg74_hst_16250_14_wfc3_ir_f160w_iebs14_0023,NGC 5861,26274221,ie5417070,HST,WFC3/IR,F125W,1.25,58991.657631712966,58991.6585783912,window,6.237376743074442,9.418663061985699,7.361931369574355e-07,1.1116780966048538e-06,0.6622358929314368,0.1282500028610218,2.5,232.62924117226552,233.34428478954305,/home/primary/SUPERNOVA/data/cache/mast_products/HST/ie5417070/ie5417070_drz.fits,MEASURED,
NGC_5861_hst_15145_74_wfc3_ir_f160w_idgg74_hst_16250_14_wfc3_ir_f160w_iebs14_0023,NGC 5861,26718149,hst_16250_11_wfc3_ir_f160w_iebs11,HST,WFC3/IR,F160W,1.6,59254.7628125,59254.77392658,window,-0.4185143441214976,0.8779883959483948,-6.432107079834414e-08,1.3493720004857657e-07,-0.4766741178502959,0.12825,2.5,232.81288922078818,233.42241560066208,/home/primary/SUPERNOVA/data/cache/mast_products/HST/hst_16250_11_wfc3_ir_f160w_iebs11/hst_16250_11_wfc3_ir_f160w_iebs11_drz.fits,MEASURED,
NGC_5861_hst_15145_74_wfc3_ir_f160w_idgg74_hst_16250_14_wfc3_ir_f160w_iebs14_0023,NGC 5861,26718150,hst_16250_11_wfc3_ir_f110w_iebs11,HST,WFC3/IR,F110W,1.1,59254.77464139,59254.79340546,window,1.0134267285073832,1.1734603208086967,6.965336047844441e-08,8.065255477603448e-08,0.8636224936936724,0.12825,2.5,232.81288922078818,233.42241560066208,/home/primary/SUPERNOVA/data/cache/mast_products/HST/hst_16250_11_wfc3_ir_f110w_iebs11/hst_16250_11_wfc3_ir_f110w_iebs11_drz.fits,MEASURED,
NGC_5861_hst_15145_74_wfc3_ir_f160w_idgg74_hst_16250_14_wfc3_ir_f160w_iebs14_0023,NGC 5861,60660859,ieec67010,HST,WFC3/UVIS,F814W,0.814,59306.86177658565,59306.87872083333,window,0.4472829219069371,0.09588636051919314,1.461535464422765e-07,3.133169401052737e-08,4.664718939013297,0.039619999999999954,5.3999999999999995,756.53467648402,756.4523652889452,/home/primary/SUPERNOVA/data/cache/mast_products/HST/ieec67010/ieec67010_drc.fits,MEASURED,
NGC_5861_hst_15145_74_wfc3_ir_f160w_idgg74_hst_16250_14_wfc3_ir_f160w_iebs14_0023,NGC 5861,60660865,ieec67020,HST,WFC3/UVIS,F555W,0.555,59306.86794548611,59306.88407974537,window,2.033540774944097,0.0905507682689113,3.577791101341855e-07,1.5931410715926528e-08,22.457465726906157,0.03961999999999997,5.3999999999999995,756.1320621066462,756.6414385752985,/home/primary/SUPERNOVA/data/cache/mast_products/HST/ieec67020/ieec67020_drc.fits,MEASURED,
NGC_5861_hst_15145_74_wfc3_ir_f160w_idgg74_hst_16250_14_wfc3_ir_f160w_iebs14_0023,NGC 5861,60942709,hst_16250_12_wfc3_ir_f160w_iebs12,HST,WFC3/IR,F160W,1.6,59361.66551079,59361.67662449,window,-0.08252542262075124,0.16000684414962474,-1.2685475416633006e-08,2.459560731098521e-08,-0.5157618291851348,0.12824999999999803,2.5,233.2679083862601,232.85852414094296,/home/primary/SUPERNOVA/data/cache/mast_products/HST/hst_16250_12_wfc3_ir_f160w_iebs12/hst_16250_12_wfc3_ir_f160w_iebs12_drz.fits,MEASURED,
NGC_5861_hst_15145_74_wfc3_ir_f160w_idgg74_hst_16250_14_wfc3_ir_f160w_iebs14_0023,NGC 5861,60942654,iebs12020,HST,WFC3/IR,F110W,1.1,59361.677339664355,59361.741346724535,window,0.15257950936681652,0.1465917632909713,1.0490507365764797e-08,1.0078823683115305e-08,1.0408464018811214,0.12824999999999942,2.5,233.01291610510225,233.47575211142924,/home/primary/SUPERNOVA/data/cache/mast_products/HST/iebs12020/iebs12020_drz.fits,MEASURED,
NGC_5861_hst_15145_74_wfc3_ir_f160w_idgg74_hst_16250_14_wfc3_ir_f160w_iebs14_0023,NGC 5861,62432554,iebs13010,HST,WFC3/IR,F160W,1.6,59466.51615679398,59466.527270914354,window,-0.04833383132613278,0.9985503060293717,-7.430958136310266e-09,1.5351949798964467e-07,-0.04840400231644521,0.1282499999999979,2.5,232.60874831295257,232.5502059822922,/home/primary/SUPERNOVA/data/cache/mast_products/HST/iebs13010/iebs13010_drz.fits,MEASURED,
NGC_5861_hst_15145_74_wfc3_ir_f160w_idgg74_hst_16250_14_wfc3_ir_f160w_iebs14_0023,NGC 5861,62432555,iebs13020,HST,WFC3/IR,F110W,1.1,59466.52798568287,59466.591414236114,window,1.1601429042818694,1.2493749631881177,7.979237405215694e-08,8.592958162840702e-08,0.9285786400917234,0.1282499999999986,2.5,232.72442333148484,232.60414858484637,/home/primary/SUPERNOVA/data/cache/mast_products/HST/iebs13020/iebs13020_drz.fits,MEASURED,
NGC_5861_hst_15145_74_wfc3_ir_f160w_idgg74_hst_16250_14_wfc3_ir_f160w_iebs14_0023,NGC 5861,71739676,hst_16250_14_wfc3_ir_f160w_iebs14,HST,WFC3/IR,F160W,1.6,59638.19392855,59638.20504226,post,-0.3580361079299905,1.0597874134712246,-5.506080281103786e-08,1.6298005844195217e-07,-0.3378376676104126,0.12825,2.5,233.01816474614805,233.34122780158975,/home/primary/SUPERNOVA/data/cache/mast_products/HST/hst_16250_14_wfc3_ir_f160w_iebs14/hst_16250_14_wfc3_ir_f160w_iebs14_drz.fits,MEASURED,
NGC_5861_hst_15145_74_wfc3_ir_f160w_idgg74_hst_16250_14_wfc3_ir_f160w_iebs14_0023,NGC 5861,71739675,hst_16250_14_wfc3_ir_f110w_iebs14,HST,WFC3/IR,F110W,1.1,59638.24241226,59638.2611767,post,1.5052434740389984,1.431572408058742,1.0358637588743415e-07,9.851655239091915e-08,1.0514616414549065,0.12825,2.5,233.01816474614802,233.34122780158975,/home/primary/SUPERNOVA/data/cache/mast_products/HST/hst_16250_14_wfc3_ir_f110w_iebs14/hst_16250_14_wfc3_ir_f110w_iebs14_drz.fits,MEASURED,
NGC_5861_hst_15145_74_wfc3_ir_f160w_idgg74_hst_16250_14_wfc3_ir_f160w_iebs14_0023,NGC 5861,71739464,iesq01010,HST,WFC3/UVIS,F438W,0.438,59638.30817060185,59638.33947820602,post,0.8320410259305526,0.03699637322570015,3.578455916333245e-07,1.5911461878254748e-08,22.489799766442005,0.03961999999999992,5.3999999999999995,756.3500024088678,756.6991733399311,/home/primary/SUPERNOVA/data/cache/mast_products/HST/iesq01010/iesq01010_drc.fits,MEASURED,
NGC_5861_hst_15145_74_wfc3_ir_f160w_idgg74_hst_16250_14_wfc3_ir_f160w_iebs14_0023,NGC 5861,71739465,iesq01020,HST,WFC3/UVIS,F555W,0.555,59638.37445505787,59638.4056241088,post,2.0370341934825085,0.04908648401741425,3.5898496712296983e-07,8.650473275094263e-09,41.49888170356298,0.03961999999999988,5.3999999999999995,756.2187742917317,756.6021178110054,/home/primary/SUPERNOVA/data/cache/mast_products/HST/iesq01020/iesq01020_drc.fits,MEASURED,
NGC_5861_hst_15145_74_wfc3_ir_f160w_idgg74_hst_16250_14_wfc3_ir_f160w_iebs14_0023,NGC 5861,71739370,iesq01030,HST,WFC3/UVIS,F814W,0.814,59638.44062430556,59638.4718278125,post,0.7188707652738602,0.07524376279667533,2.351362471436019e-07,2.4611567001522843e-08,9.553891758661804,0.03961999999999998,5.3999999999999995,756.6570128390822,756.5453246222269,/home/primary/SUPERNOVA/data/cache/mast_products/HST/iesq01030/iesq01030_drc.fits,MEASURED,
NGC_5861_hst_15145_74_wfc3_ir_f160w_idgg74_hst_16250_14_wfc3_ir_f160w_iebs14_0023,NGC 5861,101029942,hlsp_tica_s0051-cam1-ccd4,HLSP,Photometer,TESS,,59692.44444959564,59717.03471613489,post,1357731.0526793264,614735.6395031603,,,,20.57578712448456,2.5,47.38591268722541,47.87268307878151,/home/primary/SUPERNOVA/data/cache/mast_products/HLSP/hlsp_tica_s0051-cam1-ccd4/hlsp_tica_tess_ffi_s0051-o1-00211769-cam1-ccd4_tess_v01_img.fits,MEASURED,
NGC_5861_hst_15145_74_wfc3_ir_f160w_idgg74_hst_16250_14_wfc3_ir_f160w_iebs14_0023,NGC 5861,134805143,hst_17179_70_wfc3_uvis_f275w_if0g70,HST,WFC3/UVIS,F275W,0.275,60071.34921457,60071.3734851,post,-0.13812469970105273,0.0478102990226534,-1.102568064563733e-07,3.816414368589467e-08,-2.8890155996641376,0.039619999999998906,5.3999999999999995,756.1096323801628,756.7170338781937,/home/primary/SUPERNOVA/data/cache/mast_products/HST/hst_17179_70_wfc3_uvis_f275w_if0g70/hst_17179_70_wfc3_uvis_f275w_if0g70_drc.fits,MEASURED,
NGC_5861_hst_15145_74_wfc3_ir_f160w_idgg74_hst_16250_14_wfc3_ir_f160w_iebs14_0023,NGC 5861,225943704,jw02875-o014_t006_nircam_clear-f090w,JWST,NIRCAM/IMAGE,F090W,0.9,60521.12793394676,60521.152788391206,post,8.263707471938027,0.5038456339611916,1.8937237408167385e-07,1.1546202984305306e-08,16.4012683943879,0.031224534854310045,5.3999999999999995,960.0280290483947,959.6593502471351,/home/primary/SUPERNOVA/data/cache/mast_products/JWST/jw02875-o014_t006_nircam_clear-f090w/jw02875-o014_t006_nircam_clear-f090w_i2d.fits,MEASURED,
NGC_5861_hst_15145_74_wfc3_ir_f160w_idgg74_hst_16250_14_wfc3_ir_f160w_iebs14_0023,NGC 5861,225943687,jw02875-o014_t006_nircam_clear-f277w,JWST,NIRCAM/IMAGE,F277W,2.77,60521.12793394676,60521.1893231713,post,0.25553263841360163,1.3946774919330533,2.3762994313232258e-08,1.2969659576697773e-07,0.18321987691894837,0.06290027231495184,3.434007390595275,475.6448449583986,476.3532351180712,/home/primary/SUPERNOVA/data/cache/mast_products/JWST/jw02875-o014_t006_nircam_clear-f277w/jw02875-o014_t006_nircam_clear-f277w_i2d.fits,MEASURED,
NGC_5861_hst_15145_74_wfc3_ir_f160w_idgg74_hst_16250_14_wfc3_ir_f160w_iebs14_0023,NGC 5861,225943689,jw02875-o014_t006_nircam_clear-f150w,JWST,NIRCAM/IMAGE,F150W,1.5,60521.156763969906,60521.1893231713,post,9.23425617092255,1.0171959988357333,2.1160363919222535e-07,2.3309118909131148e-08,9.07814834259271,0.031223798835563338,5.3999999999999995,960.417401237693,960.4557733622236,/home/primary/SUPERNOVA/data/cache/mast_products/JWST/jw02875-o014_t006_nircam_clear-f150w/jw02875-o014_t006_nircam_clear-f150w_i2d.fits,MEASURED,
NGC_5861_hst_15145_74_wfc3_ir_f160w_idgg74_hst_16250_14_wfc3_ir_f160w_iebs14_0023,NGC 5861,262815985,hlsp_tica_s0091-cam2-ccd2,HLSP,Photometer,TESS,,60774.78517819056,60802.25738800783,post,368847.47135656065,170578.0285065684,,,,20.569287345914702,2.5,47.03664594184943,47.59959558115935,/home/primary/SUPERNOVA/data/cache/mast_products/HLSP/hlsp_tica_s0091-cam2-ccd2/hlsp_tica_tess_ffi_s0091-o1-01100662-cam2-ccd2_tess_v01_img.fits,MEASURED,
